Product Name,Category,Units Sold,Opening Stock,Closing Stock,Purchase Price,Sale Price,Date
Floral Kurti,Women's Wear,13,120,107,350,599,2025-01-01
Leggings Pack,Women's Wear,8,180,172,220,349,2025-01-01
Cotton Saree,Women's Wear,3,80,77,700,999,2025-01-01
Casual Shirt,Men's Wear,5,100,95,500,799,2025-01-01
Formal Trousers,Men's Wear,0,70,70,900,1049,2025-01-01
Graphic T-Shirt,Men's Wear,6,140,134,300,499,2025-01-01
Kids Frock,Kids Wear,3,90,87,280,449,2025-01-01
School Shorts,Kids Wear,3,110,107,180,299,2025-01-01
Kids Hoodie,Kids Wear,4,60,56,450,649,2025-01-01
Running Shoes,Footwear,3,75,72,1200,1599,2025-01-01
Casual Sandals,Footwear,3,85,82,500,699,2025-01-01
Leather Belt,Accessories,0,65,65,250,289,2025-01-01
Fashion Scarf,Accessories,0,55,55,180,299,2025-01-01
Baseball Cap,Accessories,3,70,67,160,229,2025-01-01
Silver Anklet,Accessories,0,50,50,350,549,2025-01-01
Floral Kurti,Women's Wear,7,107,100,350,599,2025-01-02
Leggings Pack,Women's Wear,10,172,162,220,349,2025-01-02
Cotton Saree,Women's Wear,4,77,73,700,999,2025-01-02
Casual Shirt,Men's Wear,4,95,91,500,799,2025-01-02
Formal Trousers,Men's Wear,1,70,69,900,1049,2025-01-02
Graphic T-Shirt,Men's Wear,5,134,129,300,499,2025-01-02
Kids Frock,Kids Wear,2,87,85,280,449,2025-01-02
School Shorts,Kids Wear,6,107,101,180,299,2025-01-02
Kids Hoodie,Kids Wear,3,56,53,450,649,2025-01-02
Running Shoes,Footwear,1,72,71,1200,1599,2025-01-02
Casual Sandals,Footwear,3,82,79,500,699,2025-01-02
Leather Belt,Accessories,0,65,65,250,289,2025-01-02
Fashion Scarf,Accessories,2,55,53,180,299,2025-01-02
Baseball Cap,Accessories,3,67,64,160,229,2025-01-02
Silver Anklet,Accessories,0,50,50,350,549,2025-01-02
Floral Kurti,Women's Wear,12,100,88,350,599,2025-01-03
Leggings Pack,Women's Wear,13,162,149,220,349,2025-01-03
Cotton Saree,Women's Wear,2,73,71,700,999,2025-01-03
Casual Shirt,Men's Wear,4,91,87,500,799,2025-01-03
Formal Trousers,Men's Wear,0,69,69,900,1049,2025-01-03
Graphic T-Shirt,Men's Wear,5,129,124,300,499,2025-01-03
Kids Frock,Kids Wear,5,85,80,280,449,2025-01-03
School Shorts,Kids Wear,7,101,94,180,299,2025-01-03
Kids Hoodie,Kids Wear,3,53,50,450,649,2025-01-03
Running Shoes,Footwear,3,71,68,1200,1599,2025-01-03
Casual Sandals,Footwear,3,79,76,500,699,2025-01-03
Leather Belt,Accessories,0,65,65,250,289,2025-01-03
Fashion Scarf,Accessories,0,53,53,180,299,2025-01-03
Baseball Cap,Accessories,3,64,61,160,229,2025-01-03
Silver Anklet,Accessories,0,50,50,350,549,2025-01-03
Floral Kurti,Women's Wear,16,88,72,350,599,2025-01-04
Leggings Pack,Women's Wear,12,149,137,220,349,2025-01-04
Cotton Saree,Women's Wear,3,71,68,700,999,2025-01-04
Casual Shirt,Men's Wear,6,87,81,500,799,2025-01-04
Formal Trousers,Men's Wear,0,69,69,900,1049,2025-01-04
Graphic T-Shirt,Men's Wear,6,124,118,300,499,2025-01-04
Kids Frock,Kids Wear,4,80,76,280,449,2025-01-04
School Shorts,Kids Wear,7,94,87,180,299,2025-01-04
Kids Hoodie,Kids Wear,2,50,48,450,649,2025-01-04
Running Shoes,Footwear,1,68,67,1200,1599,2025-01-04
Casual Sandals,Footwear,5,76,71,500,699,2025-01-04
Leather Belt,Accessories,2,65,63,250,289,2025-01-04
Fashion Scarf,Accessories,2,53,51,180,299,2025-01-04
Baseball Cap,Accessories,5,61,56,160,229,2025-01-04
Silver Anklet,Accessories,0,50,50,350,549,2025-01-04
Floral Kurti,Women's Wear,8,72,64,350,599,2025-01-05
Leggings Pack,Women's Wear,8,137,129,220,349,2025-01-05
Cotton Saree,Women's Wear,3,68,65,700,999,2025-01-05
Casual Shirt,Men's Wear,4,81,77,500,799,2025-01-05
Formal Trousers,Men's Wear,0,69,69,900,1049,2025-01-05
Graphic T-Shirt,Men's Wear,5,118,113,300,499,2025-01-05
Kids Frock,Kids Wear,3,76,73,280,449,2025-01-05
School Shorts,Kids Wear,3,87,84,180,299,2025-01-05
Kids Hoodie,Kids Wear,4,48,44,450,649,2025-01-05
Running Shoes,Footwear,1,67,66,1200,1599,2025-01-05
Casual Sandals,Footwear,3,71,68,500,699,2025-01-05
Leather Belt,Accessories,1,63,62,250,289,2025-01-05
Fashion Scarf,Accessories,1,51,50,180,299,2025-01-05
Baseball Cap,Accessories,2,56,54,160,229,2025-01-05
Silver Anklet,Accessories,0,50,50,350,549,2025-01-05
Floral Kurti,Women's Wear,13,64,51,350,599,2025-01-06
Leggings Pack,Women's Wear,8,129,121,220,349,2025-01-06
Cotton Saree,Women's Wear,3,65,62,700,999,2025-01-06
Casual Shirt,Men's Wear,3,77,74,500,799,2025-01-06
Formal Trousers,Men's Wear,0,69,69,900,1049,2025-01-06
Graphic T-Shirt,Men's Wear,6,113,107,300,499,2025-01-06
Kids Frock,Kids Wear,3,73,70,280,449,2025-01-06
School Shorts,Kids Wear,4,84,80,180,299,2025-01-06
Kids Hoodie,Kids Wear,2,44,42,450,649,2025-01-06
Running Shoes,Footwear,2,66,64,1200,1599,2025-01-06
Casual Sandals,Footwear,1,68,67,500,699,2025-01-06
Leather Belt,Accessories,0,62,62,250,289,2025-01-06
Fashion Scarf,Accessories,0,50,50,180,299,2025-01-06
Baseball Cap,Accessories,3,54,51,160,229,2025-01-06
Silver Anklet,Accessories,0,50,50,350,549,2025-01-06
Floral Kurti,Women's Wear,8,51,43,350,599,2025-01-07
Leggings Pack,Women's Wear,7,121,114,220,349,2025-01-07
Cotton Saree,Women's Wear,4,62,58,700,999,2025-01-07
Casual Shirt,Men's Wear,5,74,69,500,799,2025-01-07
Formal Trousers,Men's Wear,0,69,69,900,1049,2025-01-07
Graphic T-Shirt,Men's Wear,7,107,100,300,499,2025-01-07
Kids Frock,Kids Wear,2,70,68,280,449,2025-01-07
School Shorts,Kids Wear,6,80,74,180,299,2025-01-07
Kids Hoodie,Kids Wear,3,42,39,450,649,2025-01-07
Running Shoes,Footwear,1,64,63,1200,1599,2025-01-07
Casual Sandals,Footwear,4,67,63,500,699,2025-01-07
Leather Belt,Accessories,0,62,62,250,289,2025-01-07
Fashion Scarf,Accessories,0,50,50,180,299,2025-01-07
Baseball Cap,Accessories,1,51,50,160,229,2025-01-07
Silver Anklet,Accessories,2,50,48,350,549,2025-01-07
Floral Kurti,Women's Wear,7,43,36,350,599,2025-01-08
Leggings Pack,Women's Wear,12,114,102,220,349,2025-01-08
Cotton Saree,Women's Wear,4,58,54,700,999,2025-01-08
Casual Shirt,Men's Wear,5,69,64,500,799,2025-01-08
Formal Trousers,Men's Wear,0,69,69,900,1049,2025-01-08
Graphic T-Shirt,Men's Wear,4,100,96,300,499,2025-01-08
Kids Frock,Kids Wear,3,68,65,280,449,2025-01-08
School Shorts,Kids Wear,6,74,68,180,299,2025-01-08
Kids Hoodie,Kids Wear,4,39,35,450,649,2025-01-08
Running Shoes,Footwear,1,63,62,1200,1599,2025-01-08
Casual Sandals,Footwear,3,63,60,500,699,2025-01-08
Leather Belt,Accessories,0,62,62,250,289,2025-01-08
Fashion Scarf,Accessories,1,50,49,180,299,2025-01-08
Baseball Cap,Accessories,4,50,46,160,229,2025-01-08
Silver Anklet,Accessories,0,48,48,350,549,2025-01-08
Floral Kurti,Women's Wear,8,36,127,350,599,2025-01-09
Leggings Pack,Women's Wear,9,102,93,220,349,2025-01-09
Cotton Saree,Women's Wear,3,54,51,700,999,2025-01-09
Casual Shirt,Men's Wear,7,64,57,500,799,2025-01-09
Formal Trousers,Men's Wear,0,69,69,900,1049,2025-01-09
Graphic T-Shirt,Men's Wear,4,96,92,300,499,2025-01-09
Kids Frock,Kids Wear,3,65,62,280,449,2025-01-09
School Shorts,Kids Wear,6,68,62,180,299,2025-01-09
Kids Hoodie,Kids Wear,2,35,33,450,649,2025-01-09
Running Shoes,Footwear,1,62,61,1200,1599,2025-01-09
Casual Sandals,Footwear,3,60,57,500,699,2025-01-09
Leather Belt,Accessories,0,62,62,250,289,2025-01-09
Fashion Scarf,Accessories,0,49,49,180,299,2025-01-09
Baseball Cap,Accessories,2,46,44,160,229,2025-01-09
Silver Anklet,Accessories,2,48,46,350,549,2025-01-09
Floral Kurti,Women's Wear,10,127,117,350,599,2025-01-10
Leggings Pack,Women's Wear,16,93,77,220,349,2025-01-10
Cotton Saree,Women's Wear,2,51,49,700,999,2025-01-10
Casual Shirt,Men's Wear,5,57,52,500,799,2025-01-10
Formal Trousers,Men's Wear,0,69,69,900,1049,2025-01-10
Graphic T-Shirt,Men's Wear,8,92,84,300,499,2025-01-10
Kids Frock,Kids Wear,3,62,59,280,449,2025-01-10
School Shorts,Kids Wear,5,62,57,180,299,2025-01-10
Kids Hoodie,Kids Wear,2,33,31,450,649,2025-01-10
Running Shoes,Footwear,3,61,58,1200,1599,2025-01-10
Casual Sandals,Footwear,5,57,52,500,699,2025-01-10
Leather Belt,Accessories,0,62,62,250,289,2025-01-10
Fashion Scarf,Accessories,0,49,49,180,299,2025-01-10
Baseball Cap,Accessories,1,44,43,160,229,2025-01-10
Silver Anklet,Accessories,0,46,46,350,549,2025-01-10
Floral Kurti,Women's Wear,8,117,109,350,599,2025-01-11
Leggings Pack,Women's Wear,13,77,64,220,349,2025-01-11
Cotton Saree,Women's Wear,5,49,44,700,999,2025-01-11
Casual Shirt,Men's Wear,3,52,49,500,799,2025-01-11
Formal Trousers,Men's Wear,0,69,69,900,1049,2025-01-11
Graphic T-Shirt,Men's Wear,3,84,81,300,499,2025-01-11
Kids Frock,Kids Wear,4,59,55,280,449,2025-01-11
School Shorts,Kids Wear,8,57,49,180,299,2025-01-11
Kids Hoodie,Kids Wear,5,31,26,450,649,2025-01-11
Running Shoes,Footwear,4,58,54,1200,1599,2025-01-11
Casual Sandals,Footwear,5,52,47,500,699,2025-01-11
Leather Belt,Accessories,2,62,60,250,289,2025-01-11
Fashion Scarf,Accessories,0,49,49,180,299,2025-01-11
Baseball Cap,Accessories,5,43,38,160,229,2025-01-11
Silver Anklet,Accessories,0,46,46,350,549,2025-01-11
Floral Kurti,Women's Wear,8,109,101,350,599,2025-01-12
Leggings Pack,Women's Wear,10,64,54,220,349,2025-01-12
Cotton Saree,Women's Wear,4,44,40,700,999,2025-01-12
Casual Shirt,Men's Wear,4,49,45,500,799,2025-01-12
Formal Trousers,Men's Wear,0,69,69,900,1049,2025-01-12
Graphic T-Shirt,Men's Wear,5,81,76,300,499,2025-01-12
Kids Frock,Kids Wear,3,55,52,280,449,2025-01-12
School Shorts,Kids Wear,4,49,45,180,299,2025-01-12
Kids Hoodie,Kids Wear,4,26,22,450,649,2025-01-12
Running Shoes,Footwear,1,54,53,1200,1599,2025-01-12
Casual Sandals,Footwear,1,47,46,500,699,2025-01-12
Leather Belt,Accessories,0,60,60,250,289,2025-01-12
Fashion Scarf,Accessories,0,49,49,180,299,2025-01-12
Baseball Cap,Accessories,3,38,35,160,229,2025-01-12
Silver Anklet,Accessories,0,46,46,350,549,2025-01-12
Floral Kurti,Women's Wear,8,101,93,350,599,2025-01-13
Leggings Pack,Women's Wear,12,54,42,220,349,2025-01-13
Cotton Saree,Women's Wear,3,40,37,700,999,2025-01-13
Casual Shirt,Men's Wear,7,45,38,500,799,2025-01-13
Formal Trousers,Men's Wear,2,69,67,900,1049,2025-01-13
Graphic T-Shirt,Men's Wear,3,76,73,300,499,2025-01-13
Kids Frock,Kids Wear,2,52,50,280,449,2025-01-13
School Shorts,Kids Wear,4,45,41,180,299,2025-01-13
Kids Hoodie,Kids Wear,4,22,18,450,649,2025-01-13
Running Shoes,Footwear,3,53,50,1200,1599,2025-01-13
Casual Sandals,Footwear,4,46,42,500,699,2025-01-13
Leather Belt,Accessories,2,60,58,250,289,2025-01-13
Fashion Scarf,Accessories,2,49,47,180,299,2025-01-13
Baseball Cap,Accessories,3,35,32,160,229,2025-01-13
Silver Anklet,Accessories,1,46,45,350,549,2025-01-13
Floral Kurti,Women's Wear,11,93,82,350,599,2025-01-14
Leggings Pack,Women's Wear,12,42,164,220,349,2025-01-14
Cotton Saree,Women's Wear,3,37,34,700,999,2025-01-14
Casual Shirt,Men's Wear,7,38,126,500,799,2025-01-14
Formal Trousers,Men's Wear,0,67,67,900,1049,2025-01-14
Graphic T-Shirt,Men's Wear,5,73,68,300,499,2025-01-14
Kids Frock,Kids Wear,1,50,49,280,449,2025-01-14
School Shorts,Kids Wear,3,41,38,180,299,2025-01-14
Kids Hoodie,Kids Wear,3,18,15,450,649,2025-01-14
Running Shoes,Footwear,1,50,49,1200,1599,2025-01-14
Casual Sandals,Footwear,3,42,39,500,699,2025-01-14
Leather Belt,Accessories,1,58,57,250,289,2025-01-14
Fashion Scarf,Accessories,0,47,47,180,299,2025-01-14
Baseball Cap,Accessories,2,32,30,160,229,2025-01-14
Silver Anklet,Accessories,2,45,43,350,549,2025-01-14
Floral Kurti,Women's Wear,13,82,69,350,599,2025-01-15
Leggings Pack,Women's Wear,9,164,155,220,349,2025-01-15
Cotton Saree,Women's Wear,4,34,30,700,999,2025-01-15
Casual Shirt,Men's Wear,3,126,123,500,799,2025-01-15
Formal Trousers,Men's Wear,0,67,67,900,1049,2025-01-15
Graphic T-Shirt,Men's Wear,3,68,65,300,499,2025-01-15
Kids Frock,Kids Wear,4,49,45,280,449,2025-01-15
School Shorts,Kids Wear,7,38,31,180,299,2025-01-15
Kids Hoodie,Kids Wear,4,15,11,450,649,2025-01-15
Running Shoes,Footwear,2,49,47,1200,1599,2025-01-15
Casual Sandals,Footwear,3,39,36,500,699,2025-01-15
Leather Belt,Accessories,2,57,55,250,289,2025-01-15
Fashion Scarf,Accessories,0,47,47,180,299,2025-01-15
Baseball Cap,Accessories,3,30,27,160,229,2025-01-15
Silver Anklet,Accessories,0,43,43,350,549,2025-01-15
Floral Kurti,Women's Wear,13,69,56,350,599,2025-01-16
Leggings Pack,Women's Wear,10,155,145,220,349,2025-01-16
Cotton Saree,Women's Wear,1,30,29,700,999,2025-01-16
Casual Shirt,Men's Wear,5,123,118,500,799,2025-01-16
Formal Trousers,Men's Wear,2,67,65,900,1049,2025-01-16
Graphic T-Shirt,Men's Wear,7,65,58,300,499,2025-01-16
Kids Frock,Kids Wear,2,45,43,280,449,2025-01-16
School Shorts,Kids Wear,6,31,25,180,299,2025-01-16
Kids Hoodie,Kids Wear,1,11,10,450,649,2025-01-16
Running Shoes,Footwear,1,47,46,1200,1599,2025-01-16
Casual Sandals,Footwear,1,36,35,500,699,2025-01-16
Leather Belt,Accessories,0,55,55,250,289,2025-01-16
Fashion Scarf,Accessories,0,47,47,180,299,2025-01-16
Baseball Cap,Accessories,1,27,26,160,229,2025-01-16
Silver Anklet,Accessories,0,43,43,350,549,2025-01-16
Floral Kurti,Women's Wear,13,56,43,350,599,2025-01-17
Leggings Pack,Women's Wear,13,145,132,220,349,2025-01-17
Cotton Saree,Women's Wear,3,29,26,700,999,2025-01-17
Casual Shirt,Men's Wear,3,118,115,500,799,2025-01-17
Formal Trousers,Men's Wear,0,65,65,900,1049,2025-01-17
Graphic T-Shirt,Men's Wear,5,58,53,300,499,2025-01-17
Kids Frock,Kids Wear,4,43,39,280,449,2025-01-17
School Shorts,Kids Wear,4,25,21,180,299,2025-01-17
Kids Hoodie,Kids Wear,2,10,8,450,649,2025-01-17
Running Shoes,Footwear,2,46,44,1200,1599,2025-01-17
Casual Sandals,Footwear,2,35,33,500,699,2025-01-17
Leather Belt,Accessories,0,55,55,250,289,2025-01-17
Fashion Scarf,Accessories,2,47,45,180,299,2025-01-17
Baseball Cap,Accessories,3,26,23,160,229,2025-01-17
Silver Anklet,Accessories,0,43,43,350,549,2025-01-17
Floral Kurti,Women's Wear,15,43,132,350,599,2025-01-18
Leggings Pack,Women's Wear,14,132,118,220,349,2025-01-18
Cotton Saree,Women's Wear,1,26,25,700,999,2025-01-18
Casual Shirt,Men's Wear,6,115,109,500,799,2025-01-18
Formal Trousers,Men's Wear,2,65,63,900,1049,2025-01-18
Graphic T-Shirt,Men's Wear,7,53,46,300,499,2025-01-18
Kids Frock,Kids Wear,2,39,37,280,449,2025-01-18
School Shorts,Kids Wear,4,21,17,180,299,2025-01-18
Kids Hoodie,Kids Wear,4,8,4,450,649,2025-01-18
Running Shoes,Footwear,3,44,41,1200,1599,2025-01-18
Casual Sandals,Footwear,1,33,32,500,699,2025-01-18
Leather Belt,Accessories,0,55,55,250,289,2025-01-18
Fashion Scarf,Accessories,0,45,45,180,299,2025-01-18
Baseball Cap,Accessories,4,23,19,160,229,2025-01-18
Silver Anklet,Accessories,0,43,43,350,549,2025-01-18
Floral Kurti,Women's Wear,9,132,123,350,599,2025-01-19
Leggings Pack,Women's Wear,9,118,109,220,349,2025-01-19
Cotton Saree,Women's Wear,3,25,22,700,999,2025-01-19
Casual Shirt,Men's Wear,4,109,105,500,799,2025-01-19
Formal Trousers,Men's Wear,2,63,61,900,1049,2025-01-19
Graphic T-Shirt,Men's Wear,3,46,43,300,499,2025-01-19
Kids Frock,Kids Wear,2,37,35,280,449,2025-01-19
School Shorts,Kids Wear,4,17,13,180,299,2025-01-19
Kids Hoodie,Kids Wear,4,4,0,450,649,2025-01-19
Running Shoes,Footwear,3,41,38,1200,1599,2025-01-19
Casual Sandals,Footwear,4,32,28,500,699,2025-01-19
Leather Belt,Accessories,0,55,55,250,289,2025-01-19
Fashion Scarf,Accessories,0,45,45,180,299,2025-01-19
Baseball Cap,Accessories,3,19,16,160,229,2025-01-19
Silver Anklet,Accessories,0,43,43,350,549,2025-01-19
Floral Kurti,Women's Wear,13,123,110,350,599,2025-01-20
Leggings Pack,Women's Wear,11,109,98,220,349,2025-01-20
Cotton Saree,Women's Wear,2,22,20,700,999,2025-01-20
Casual Shirt,Men's Wear,5,105,100,500,799,2025-01-20
Formal Trousers,Men's Wear,0,61,61,900,1049,2025-01-20
Graphic T-Shirt,Men's Wear,7,43,36,300,499,2025-01-20
Kids Frock,Kids Wear,1,35,34,280,449,2025-01-20
School Shorts,Kids Wear,4,13,9,180,299,2025-01-20
Kids Hoodie,Kids Wear,0,0,0,450,649,2025-01-20
Running Shoes,Footwear,4,38,34,1200,1599,2025-01-20
Casual Sandals,Footwear,3,28,25,500,699,2025-01-20
Leather Belt,Accessories,0,55,55,250,289,2025-01-20
Fashion Scarf,Accessories,0,45,45,180,299,2025-01-20
Baseball Cap,Accessories,3,16,13,160,229,2025-01-20
Silver Anklet,Accessories,0,43,43,350,549,2025-01-20
Floral Kurti,Women's Wear,7,110,103,350,599,2025-01-21
Leggings Pack,Women's Wear,8,98,90,220,349,2025-01-21
Cotton Saree,Women's Wear,1,20,19,700,999,2025-01-21
Casual Shirt,Men's Wear,6,100,94,500,799,2025-01-21
Formal Trousers,Men's Wear,0,61,61,900,1049,2025-01-21
Graphic T-Shirt,Men's Wear,3,36,149,300,499,2025-01-21
Kids Frock,Kids Wear,3,34,31,280,449,2025-01-21
School Shorts,Kids Wear,4,9,5,180,299,2025-01-21
Kids Hoodie,Kids Wear,0,0,0,450,649,2025-01-21
Running Shoes,Footwear,2,34,32,1200,1599,2025-01-21
Casual Sandals,Footwear,4,25,21,500,699,2025-01-21
Leather Belt,Accessories,0,55,55,250,289,2025-01-21
Fashion Scarf,Accessories,1,45,44,180,299,2025-01-21
Baseball Cap,Accessories,3,13,10,160,229,2025-01-21
Silver Anklet,Accessories,2,43,41,350,549,2025-01-21
Floral Kurti,Women's Wear,10,103,93,350,599,2025-01-22
Leggings Pack,Women's Wear,8,90,82,220,349,2025-01-22
Cotton Saree,Women's Wear,2,19,17,700,999,2025-01-22
Casual Shirt,Men's Wear,3,94,91,500,799,2025-01-22
Formal Trousers,Men's Wear,0,61,61,900,1049,2025-01-22
Graphic T-Shirt,Men's Wear,7,149,142,300,499,2025-01-22
Kids Frock,Kids Wear,3,31,28,280,449,2025-01-22
School Shorts,Kids Wear,5,5,0,180,299,2025-01-22
Kids Hoodie,Kids Wear,0,0,0,450,649,2025-01-22
Running Shoes,Footwear,4,32,28,1200,1599,2025-01-22
Casual Sandals,Footwear,4,21,17,500,699,2025-01-22
Leather Belt,Accessories,0,55,55,250,289,2025-01-22
Fashion Scarf,Accessories,0,44,44,180,299,2025-01-22
Baseball Cap,Accessories,2,10,8,160,229,2025-01-22
Silver Anklet,Accessories,0,41,41,350,549,2025-01-22
Floral Kurti,Women's Wear,9,93,84,350,599,2025-01-23
Leggings Pack,Women's Wear,10,82,72,220,349,2025-01-23
Cotton Saree,Women's Wear,3,17,14,700,999,2025-01-23
Casual Shirt,Men's Wear,4,91,87,500,799,2025-01-23
Formal Trousers,Men's Wear,0,61,61,900,1049,2025-01-23
Graphic T-Shirt,Men's Wear,3,142,139,300,499,2025-01-23
Kids Frock,Kids Wear,3,28,25,280,449,2025-01-23
School Shorts,Kids Wear,0,0,0,180,299,2025-01-23
Kids Hoodie,Kids Wear,0,0,0,450,649,2025-01-23
Running Shoes,Footwear,3,28,25,1200,1599,2025-01-23
Casual Sandals,Footwear,3,17,14,500,699,2025-01-23
Leather Belt,Accessories,0,55,55,250,289,2025-01-23
Fashion Scarf,Accessories,2,44,42,180,299,2025-01-23
Baseball Cap,Accessories,3,8,5,160,229,2025-01-23
Silver Anklet,Accessories,2,41,39,350,549,2025-01-23
Floral Kurti,Women's Wear,14,84,70,350,599,2025-01-24
Leggings Pack,Women's Wear,10,72,62,220,349,2025-01-24
Cotton Saree,Women's Wear,3,14,11,700,999,2025-01-24
Casual Shirt,Men's Wear,7,87,80,500,799,2025-01-24
Formal Trousers,Men's Wear,0,61,61,900,1049,2025-01-24
Graphic T-Shirt,Men's Wear,5,139,134,300,499,2025-01-24
Kids Frock,Kids Wear,3,25,22,280,449,2025-01-24
School Shorts,Kids Wear,0,0,0,180,299,2025-01-24
Kids Hoodie,Kids Wear,0,0,0,450,649,2025-01-24
Running Shoes,Footwear,4,25,21,1200,1599,2025-01-24
Casual Sandals,Footwear,1,14,13,500,699,2025-01-24
Leather Belt,Accessories,2,55,53,250,289,2025-01-24
Fashion Scarf,Accessories,0,42,42,180,299,2025-01-24
Baseball Cap,Accessories,3,5,2,160,229,2025-01-24
Silver Anklet,Accessories,0,39,39,350,549,2025-01-24
Floral Kurti,Women's Wear,12,70,58,350,599,2025-01-25
Leggings Pack,Women's Wear,11,62,51,220,349,2025-01-25
Cotton Saree,Women's Wear,4,11,7,700,999,2025-01-25
Casual Shirt,Men's Wear,8,80,72,500,799,2025-01-25
Formal Trousers,Men's Wear,0,61,61,900,1049,2025-01-25
Graphic T-Shirt,Men's Wear,6,134,128,300,499,2025-01-25
Kids Frock,Kids Wear,1,22,21,280,449,2025-01-25
School Shorts,Kids Wear,0,0,0,180,299,2025-01-25
Kids Hoodie,Kids Wear,0,0,0,450,649,2025-01-25
Running Shoes,Footwear,3,21,18,1200,1599,2025-01-25
Casual Sandals,Footwear,2,13,11,500,699,2025-01-25
Leather Belt,Accessories,0,53,53,250,289,2025-01-25
Fashion Scarf,Accessories,2,42,40,180,299,2025-01-25
Baseball Cap,Accessories,1,2,1,160,229,2025-01-25
Silver Anklet,Accessories,0,39,39,350,549,2025-01-25
Floral Kurti,Women's Wear,8,58,50,350,599,2025-01-26
Leggings Pack,Women's Wear,7,51,44,220,349,2025-01-26
Cotton Saree,Women's Wear,1,7,6,700,999,2025-01-26
Casual Shirt,Men's Wear,6,72,66,500,799,2025-01-26
Formal Trousers,Men's Wear,0,61,61,900,1049,2025-01-26
Graphic T-Shirt,Men's Wear,7,128,121,300,499,2025-01-26
Kids Frock,Kids Wear,3,21,18,280,449,2025-01-26
School Shorts,Kids Wear,0,0,0,180,299,2025-01-26
Kids Hoodie,Kids Wear,0,0,0,450,649,2025-01-26
Running Shoes,Footwear,4,18,14,1200,1599,2025-01-26
Casual Sandals,Footwear,2,11,9,500,699,2025-01-26
Leather Belt,Accessories,0,53,53,250,289,2025-01-26
Fashion Scarf,Accessories,0,40,40,180,299,2025-01-26
Baseball Cap,Accessories,1,1,0,160,229,2025-01-26
Silver Anklet,Accessories,1,39,38,350,549,2025-01-26
Floral Kurti,Women's Wear,9,50,41,350,599,2025-01-27
Leggings Pack,Women's Wear,10,44,117,220,349,2025-01-27
Cotton Saree,Women's Wear,2,6,4,700,999,2025-01-27
Casual Shirt,Men's Wear,6,66,60,500,799,2025-01-27
Formal Trousers,Men's Wear,0,61,61,900,1049,2025-01-27
Graphic T-Shirt,Men's Wear,3,121,118,300,499,2025-01-27
Kids Frock,Kids Wear,1,18,17,280,449,2025-01-27
School Shorts,Kids Wear,0,0,0,180,299,2025-01-27
Kids Hoodie,Kids Wear,0,0,0,450,649,2025-01-27
Running Shoes,Footwear,1,14,13,1200,1599,2025-01-27
Casual Sandals,Footwear,3,9,6,500,699,2025-01-27
Leather Belt,Accessories,0,53,53,250,289,2025-01-27
Fashion Scarf,Accessories,1,40,39,180,299,2025-01-27
Baseball Cap,Accessories,0,0,0,160,229,2025-01-27
Silver Anklet,Accessories,2,38,36,350,549,2025-01-27
Floral Kurti,Women's Wear,8,41,139,350,599,2025-01-28
Leggings Pack,Women's Wear,13,117,104,220,349,2025-01-28
Cotton Saree,Women's Wear,3,4,1,700,999,2025-01-28
Casual Shirt,Men's Wear,5,60,55,500,799,2025-01-28
Formal Trousers,Men's Wear,0,61,61,900,1049,2025-01-28
Graphic T-Shirt,Men's Wear,3,118,115,300,499,2025-01-28
Kids Frock,Kids Wear,4,17,13,280,449,2025-01-28
School Shorts,Kids Wear,0,0,0,180,299,2025-01-28
Kids Hoodie,Kids Wear,0,0,0,450,649,2025-01-28
Running Shoes,Footwear,4,13,9,1200,1599,2025-01-28
Casual Sandals,Footwear,3,6,3,500,699,2025-01-28
Leather Belt,Accessories,0,53,53,250,289,2025-01-28
Fashion Scarf,Accessories,2,39,37,180,299,2025-01-28
Baseball Cap,Accessories,0,0,0,160,229,2025-01-28
Silver Anklet,Accessories,0,36,36,350,549,2025-01-28
Floral Kurti,Women's Wear,9,139,130,350,599,2025-01-29
Leggings Pack,Women's Wear,10,104,94,220,349,2025-01-29
Cotton Saree,Women's Wear,1,1,0,700,999,2025-01-29
Casual Shirt,Men's Wear,7,55,48,500,799,2025-01-29
Formal Trousers,Men's Wear,0,61,61,900,1049,2025-01-29
Graphic T-Shirt,Men's Wear,3,115,112,300,499,2025-01-29
Kids Frock,Kids Wear,3,13,10,280,449,2025-01-29
School Shorts,Kids Wear,0,0,0,180,299,2025-01-29
Kids Hoodie,Kids Wear,0,0,0,450,649,2025-01-29
Running Shoes,Footwear,3,9,6,1200,1599,2025-01-29
Casual Sandals,Footwear,3,3,0,500,699,2025-01-29
Leather Belt,Accessories,0,53,53,250,289,2025-01-29
Fashion Scarf,Accessories,2,37,35,180,299,2025-01-29
Baseball Cap,Accessories,0,0,0,160,229,2025-01-29
Silver Anklet,Accessories,0,36,36,350,549,2025-01-29
Floral Kurti,Women's Wear,9,130,121,350,599,2025-01-30
Leggings Pack,Women's Wear,8,94,86,220,349,2025-01-30
Cotton Saree,Women's Wear,0,0,0,700,999,2025-01-30
Casual Shirt,Men's Wear,4,48,44,500,799,2025-01-30
Formal Trousers,Men's Wear,0,61,61,900,1049,2025-01-30
Graphic T-Shirt,Men's Wear,4,112,108,300,499,2025-01-30
Kids Frock,Kids Wear,1,10,9,280,449,2025-01-30
School Shorts,Kids Wear,0,0,0,180,299,2025-01-30
Kids Hoodie,Kids Wear,0,0,0,450,649,2025-01-30
Running Shoes,Footwear,2,6,4,1200,1599,2025-01-30
Casual Sandals,Footwear,0,0,0,500,699,2025-01-30
Leather Belt,Accessories,0,53,53,250,289,2025-01-30
Fashion Scarf,Accessories,0,35,35,180,299,2025-01-30
Baseball Cap,Accessories,0,0,0,160,229,2025-01-30
Silver Anklet,Accessories,0,36,36,350,549,2025-01-30
Floral Kurti,Women's Wear,13,121,108,350,599,2025-01-31
Leggings Pack,Women's Wear,11,86,75,220,349,2025-01-31
Cotton Saree,Women's Wear,0,0,0,700,999,2025-01-31
Casual Shirt,Men's Wear,8,44,36,500,799,2025-01-31
Formal Trousers,Men's Wear,0,61,61,900,1049,2025-01-31
Graphic T-Shirt,Men's Wear,7,108,101,300,499,2025-01-31
Kids Frock,Kids Wear,3,9,6,280,449,2025-01-31
School Shorts,Kids Wear,0,0,0,180,299,2025-01-31
Kids Hoodie,Kids Wear,0,0,0,450,649,2025-01-31
Running Shoes,Footwear,3,4,1,1200,1599,2025-01-31
Casual Sandals,Footwear,0,0,0,500,699,2025-01-31
Leather Belt,Accessories,0,53,53,250,289,2025-01-31
Fashion Scarf,Accessories,0,35,35,180,299,2025-01-31
Baseball Cap,Accessories,0,0,0,160,229,2025-01-31
Silver Anklet,Accessories,0,36,36,350,549,2025-01-31
Floral Kurti,Women's Wear,11,108,97,350,599,2025-02-01
Leggings Pack,Women's Wear,16,75,59,220,349,2025-02-01
Cotton Saree,Women's Wear,0,0,0,700,999,2025-02-01
Casual Shirt,Men's Wear,8,36,114,500,799,2025-02-01
Formal Trousers,Men's Wear,2,61,59,900,1049,2025-02-01
Graphic T-Shirt,Men's Wear,9,101,92,300,499,2025-02-01
Kids Frock,Kids Wear,2,6,4,280,449,2025-02-01
School Shorts,Kids Wear,0,0,0,180,299,2025-02-01
Kids Hoodie,Kids Wear,0,0,0,450,649,2025-02-01
Running Shoes,Footwear,1,1,0,1200,1599,2025-02-01
Casual Sandals,Footwear,0,0,0,500,699,2025-02-01
Leather Belt,Accessories,2,53,51,250,289,2025-02-01
Fashion Scarf,Accessories,0,35,35,180,299,2025-02-01
Baseball Cap,Accessories,0,0,0,160,229,2025-02-01
Silver Anklet,Accessories,0,36,36,350,549,2025-02-01
Floral Kurti,Women's Wear,13,97,84,350,599,2025-02-02
Leggings Pack,Women's Wear,15,59,44,220,349,2025-02-02
Cotton Saree,Women's Wear,0,0,0,700,999,2025-02-02
Casual Shirt,Men's Wear,7,114,107,500,799,2025-02-02
Formal Trousers,Men's Wear,0,59,59,900,1049,2025-02-02
Graphic T-Shirt,Men's Wear,5,92,87,300,499,2025-02-02
Kids Frock,Kids Wear,4,4,0,280,449,2025-02-02
School Shorts,Kids Wear,0,0,0,180,299,2025-02-02
Kids Hoodie,Kids Wear,0,0,0,450,649,2025-02-02
Running Shoes,Footwear,0,0,0,1200,1599,2025-02-02
Casual Sandals,Footwear,0,0,0,500,699,2025-02-02
Leather Belt,Accessories,0,51,51,250,289,2025-02-02
Fashion Scarf,Accessories,0,35,35,180,299,2025-02-02
Baseball Cap,Accessories,0,0,0,160,229,2025-02-02
Silver Anklet,Accessories,2,36,34,350,549,2025-02-02
Floral Kurti,Women's Wear,13,84,71,350,599,2025-02-03
Leggings Pack,Women's Wear,9,44,35,220,349,2025-02-03
Cotton Saree,Women's Wear,0,0,0,700,999,2025-02-03
Casual Shirt,Men's Wear,4,107,103,500,799,2025-02-03
Formal Trousers,Men's Wear,0,59,59,900,1049,2025-02-03
Graphic T-Shirt,Men's Wear,5,87,82,300,499,2025-02-03
Kids Frock,Kids Wear,0,0,0,280,449,2025-02-03
School Shorts,Kids Wear,0,0,0,180,299,2025-02-03
Kids Hoodie,Kids Wear,0,0,0,450,649,2025-02-03
Running Shoes,Footwear,0,0,0,1200,1599,2025-02-03
Casual Sandals,Footwear,0,0,0,500,699,2025-02-03
Leather Belt,Accessories,0,51,51,250,289,2025-02-03
Fashion Scarf,Accessories,0,35,35,180,299,2025-02-03
Baseball Cap,Accessories,0,0,0,160,229,2025-02-03
Silver Anklet,Accessories,0,34,34,350,549,2025-02-03
Floral Kurti,Women's Wear,15,71,56,350,599,2025-02-04
Leggings Pack,Women's Wear,10,35,151,220,349,2025-02-04
Cotton Saree,Women's Wear,0,0,0,700,999,2025-02-04
Casual Shirt,Men's Wear,4,103,99,500,799,2025-02-04
Formal Trousers,Men's Wear,1,59,58,900,1049,2025-02-04
Graphic T-Shirt,Men's Wear,8,82,74,300,499,2025-02-04
Kids Frock,Kids Wear,0,0,0,280,449,2025-02-04
School Shorts,Kids Wear,0,0,0,180,299,2025-02-04
Kids Hoodie,Kids Wear,0,0,0,450,649,2025-02-04
Running Shoes,Footwear,0,0,0,1200,1599,2025-02-04
Casual Sandals,Footwear,0,0,0,500,699,2025-02-04
Leather Belt,Accessories,0,51,51,250,289,2025-02-04
Fashion Scarf,Accessories,0,35,35,180,299,2025-02-04
Baseball Cap,Accessories,0,0,0,160,229,2025-02-04
Silver Anklet,Accessories,2,34,32,350,549,2025-02-04
Floral Kurti,Women's Wear,9,56,47,350,599,2025-02-05
Leggings Pack,Women's Wear,10,151,141,220,349,2025-02-05
Cotton Saree,Women's Wear,0,0,0,700,999,2025-02-05
Casual Shirt,Men's Wear,5,99,94,500,799,2025-02-05
Formal Trousers,Men's Wear,0,58,58,900,1049,2025-02-05
Graphic T-Shirt,Men's Wear,7,74,67,300,499,2025-02-05
Kids Frock,Kids Wear,0,0,0,280,449,2025-02-05
School Shorts,Kids Wear,0,0,0,180,299,2025-02-05
Kids Hoodie,Kids Wear,0,0,0,450,649,2025-02-05
Running Shoes,Footwear,0,0,0,1200,1599,2025-02-05
Casual Sandals,Footwear,0,0,0,500,699,2025-02-05
Leather Belt,Accessories,1,51,50,250,289,2025-02-05
Fashion Scarf,Accessories,0,35,35,180,299,2025-02-05
Baseball Cap,Accessories,0,0,0,160,229,2025-02-05
Silver Anklet,Accessories,0,32,32,350,549,2025-02-05
Floral Kurti,Women's Wear,9,47,38,350,599,2025-02-06
Leggings Pack,Women's Wear,12,141,129,220,349,2025-02-06
Cotton Saree,Women's Wear,0,0,0,700,999,2025-02-06
Casual Shirt,Men's Wear,6,94,88,500,799,2025-02-06
Formal Trousers,Men's Wear,0,58,58,900,1049,2025-02-06
Graphic T-Shirt,Men's Wear,3,67,64,300,499,2025-02-06
Kids Frock,Kids Wear,0,0,0,280,449,2025-02-06
School Shorts,Kids Wear,0,0,0,180,299,2025-02-06
Kids Hoodie,Kids Wear,0,0,0,450,649,2025-02-06
Running Shoes,Footwear,0,0,0,1200,1599,2025-02-06
Casual Sandals,Footwear,0,0,0,500,699,2025-02-06
Leather Belt,Accessories,0,50,50,250,289,2025-02-06
Fashion Scarf,Accessories,0,35,35,180,299,2025-02-06
Baseball Cap,Accessories,0,0,0,160,229,2025-02-06
Silver Anklet,Accessories,2,32,30,350,549,2025-02-06
Floral Kurti,Women's Wear,16,38,146,350,599,2025-02-07
Leggings Pack,Women's Wear,12,129,117,220,349,2025-02-07
Cotton Saree,Women's Wear,0,0,0,700,999,2025-02-07
Casual Shirt,Men's Wear,4,88,84,500,799,2025-02-07
Formal Trousers,Men's Wear,2,58,56,900,1049,2025-02-07
Graphic T-Shirt,Men's Wear,5,64,59,300,499,2025-02-07
Kids Frock,Kids Wear,0,0,0,280,449,2025-02-07
School Shorts,Kids Wear,0,0,0,180,299,2025-02-07
Kids Hoodie,Kids Wear,0,0,0,450,649,2025-02-07
Running Shoes,Footwear,0,0,0,1200,1599,2025-02-07
Casual Sandals,Footwear,0,0,0,500,699,2025-02-07
Leather Belt,Accessories,1,50,49,250,289,2025-02-07
Fashion Scarf,Accessories,0,35,35,180,299,2025-02-07
Baseball Cap,Accessories,0,0,0,160,229,2025-02-07
Silver Anklet,Accessories,0,30,30,350,549,2025-02-07
Floral Kurti,Women's Wear,12,146,134,350,599,2025-02-08
Leggings Pack,Women's Wear,16,117,101,220,349,2025-02-08
Cotton Saree,Women's Wear,0,0,0,700,999,2025-02-08
Casual Shirt,Men's Wear,5,84,79,500,799,2025-02-08
Formal Trousers,Men's Wear,0,56,56,900,1049,2025-02-08
Graphic T-Shirt,Men's Wear,8,59,51,300,499,2025-02-08
Kids Frock,Kids Wear,0,0,0,280,449,2025-02-08
School Shorts,Kids Wear,0,0,0,180,299,2025-02-08
Kids Hoodie,Kids Wear,0,0,0,450,649,2025-02-08
Running Shoes,Footwear,0,0,0,1200,1599,2025-02-08
Casual Sandals,Footwear,0,0,0,500,699,2025-02-08
Leather Belt,Accessories,1,49,48,250,289,2025-02-08
Fashion Scarf,Accessories,0,35,35,180,299,2025-02-08
Baseball Cap,Accessories,0,0,0,160,229,2025-02-08
Silver Anklet,Accessories,0,30,30,350,549,2025-02-08
Floral Kurti,Women's Wear,10,134,124,350,599,2025-02-09
Leggings Pack,Women's Wear,12,101,89,220,349,2025-02-09
Cotton Saree,Women's Wear,0,0,0,700,999,2025-02-09
Casual Shirt,Men's Wear,8,79,71,500,799,2025-02-09
Formal Trousers,Men's Wear,1,56,55,900,1049,2025-02-09
Graphic T-Shirt,Men's Wear,6,51,45,300,499,2025-02-09
Kids Frock,Kids Wear,0,0,0,280,449,2025-02-09
School Shorts,Kids Wear,0,0,0,180,299,2025-02-09
Kids Hoodie,Kids Wear,0,0,0,450,649,2025-02-09
Running Shoes,Footwear,0,0,0,1200,1599,2025-02-09
Casual Sandals,Footwear,0,0,0,500,699,2025-02-09
Leather Belt,Accessories,0,48,48,250,289,2025-02-09
Fashion Scarf,Accessories,0,35,35,180,299,2025-02-09
Baseball Cap,Accessories,0,0,0,160,229,2025-02-09
Silver Anklet,Accessories,0,30,30,350,549,2025-02-09
Floral Kurti,Women's Wear,14,124,110,350,599,2025-02-10
Leggings Pack,Women's Wear,13,89,76,220,349,2025-02-10
Cotton Saree,Women's Wear,0,0,0,700,999,2025-02-10
Casual Shirt,Men's Wear,3,71,68,500,799,2025-02-10
Formal Trousers,Men's Wear,0,55,55,900,1049,2025-02-10
Graphic T-Shirt,Men's Wear,7,45,38,300,499,2025-02-10
Kids Frock,Kids Wear,0,0,0,280,449,2025-02-10
School Shorts,Kids Wear,0,0,0,180,299,2025-02-10
Kids Hoodie,Kids Wear,0,0,0,450,649,2025-02-10
Running Shoes,Footwear,0,0,0,1200,1599,2025-02-10
Casual Sandals,Footwear,0,0,0,500,699,2025-02-10
Leather Belt,Accessories,0,48,48,250,289,2025-02-10
Fashion Scarf,Accessories,0,35,35,180,299,2025-02-10
Baseball Cap,Accessories,0,0,0,160,229,2025-02-10
Silver Anklet,Accessories,2,30,28,350,549,2025-02-10
Floral Kurti,Women's Wear,8,110,102,350,599,2025-02-11
Leggings Pack,Women's Wear,15,76,61,220,349,2025-02-11
Cotton Saree,Women's Wear,0,0,0,700,999,2025-02-11
Casual Shirt,Men's Wear,4,68,64,500,799,2025-02-11
Formal Trousers,Men's Wear,0,55,55,900,1049,2025-02-11
Graphic T-Shirt,Men's Wear,5,38,124,300,499,2025-02-11
Kids Frock,Kids Wear,0,0,0,280,449,2025-02-11
School Shorts,Kids Wear,0,0,0,180,299,2025-02-11
Kids Hoodie,Kids Wear,0,0,0,450,649,2025-02-11
Running Shoes,Footwear,0,0,0,1200,1599,2025-02-11
Casual Sandals,Footwear,0,0,0,500,699,2025-02-11
Leather Belt,Accessories,0,48,48,250,289,2025-02-11
Fashion Scarf,Accessories,0,35,35,180,299,2025-02-11
Baseball Cap,Accessories,0,0,0,160,229,2025-02-11
Silver Anklet,Accessories,0,28,28,350,549,2025-02-11
Floral Kurti,Women's Wear,14,102,88,350,599,2025-02-12
Leggings Pack,Women's Wear,15,61,46,220,349,2025-02-12
Cotton Saree,Women's Wear,0,0,0,700,999,2025-02-12
Casual Shirt,Men's Wear,7,64,57,500,799,2025-02-12
Formal Trousers,Men's Wear,0,55,55,900,1049,2025-02-12
Graphic T-Shirt,Men's Wear,4,124,120,300,499,2025-02-12
Kids Frock,Kids Wear,0,0,0,280,449,2025-02-12
School Shorts,Kids Wear,0,0,0,180,299,2025-02-12
Kids Hoodie,Kids Wear,0,0,0,450,649,2025-02-12
Running Shoes,Footwear,0,0,0,1200,1599,2025-02-12
Casual Sandals,Footwear,0,0,0,500,699,2025-02-12
Leather Belt,Accessories,0,48,48,250,289,2025-02-12
Fashion Scarf,Accessories,1,35,34,180,299,2025-02-12
Baseball Cap,Accessories,0,0,0,160,229,2025-02-12
Silver Anklet,Accessories,0,28,28,350,549,2025-02-12
Floral Kurti,Women's Wear,14,88,74,350,599,2025-02-13
Leggings Pack,Women's Wear,15,46,117,220,349,2025-02-13
Cotton Saree,Women's Wear,0,0,0,700,999,2025-02-13
Casual Shirt,Men's Wear,3,57,54,500,799,2025-02-13
Formal Trousers,Men's Wear,0,55,55,900,1049,2025-02-13
Graphic T-Shirt,Men's Wear,4,120,116,300,499,2025-02-13
Kids Frock,Kids Wear,0,0,0,280,449,2025-02-13
School Shorts,Kids Wear,0,0,0,180,299,2025-02-13
Kids Hoodie,Kids Wear,0,0,0,450,649,2025-02-13
Running Shoes,Footwear,0,0,0,1200,1599,2025-02-13
Casual Sandals,Footwear,0,0,0,500,699,2025-02-13
Leather Belt,Accessories,0,48,48,250,289,2025-02-13
Fashion Scarf,Accessories,0,34,34,180,299,2025-02-13
Baseball Cap,Accessories,0,0,0,160,229,2025-02-13
Silver Anklet,Accessories,0,28,28,350,549,2025-02-13
Floral Kurti,Women's Wear,18,74,56,350,599,2025-02-14
Leggings Pack,Women's Wear,19,117,98,220,349,2025-02-14
Cotton Saree,Women's Wear,0,0,0,700,999,2025-02-14
Casual Shirt,Men's Wear,6,54,48,500,799,2025-02-14
Formal Trousers,Men's Wear,0,55,55,900,1049,2025-02-14
Graphic T-Shirt,Men's Wear,6,116,110,300,499,2025-02-14
Kids Frock,Kids Wear,0,0,0,280,449,2025-02-14
School Shorts,Kids Wear,0,0,0,180,299,2025-02-14
Kids Hoodie,Kids Wear,0,0,0,450,649,2025-02-14
Running Shoes,Footwear,0,0,0,1200,1599,2025-02-14
Casual Sandals,Footwear,0,0,0,500,699,2025-02-14
Leather Belt,Accessories,0,48,48,250,289,2025-02-14
Fashion Scarf,Accessories,0,34,34,180,299,2025-02-14
Baseball Cap,Accessories,0,0,0,160,229,2025-02-14
Silver Anklet,Accessories,2,28,26,350,549,2025-02-14
Floral Kurti,Women's Wear,12,56,44,350,599,2025-02-15
Leggings Pack,Women's Wear,12,98,86,220,349,2025-02-15
Cotton Saree,Women's Wear,0,0,0,700,999,2025-02-15
Casual Shirt,Men's Wear,9,48,39,500,799,2025-02-15
Formal Trousers,Men's Wear,0,55,55,900,1049,2025-02-15
Graphic T-Shirt,Men's Wear,9,110,101,300,499,2025-02-15
Kids Frock,Kids Wear,0,0,0,280,449,2025-02-15
School Shorts,Kids Wear,0,0,0,180,299,2025-02-15
Kids Hoodie,Kids Wear,0,0,0,450,649,2025-02-15
Running Shoes,Footwear,0,0,0,1200,1599,2025-02-15
Casual Sandals,Footwear,0,0,0,500,699,2025-02-15
Leather Belt,Accessories,0,48,48,250,289,2025-02-15
Fashion Scarf,Accessories,1,34,33,180,299,2025-02-15
Baseball Cap,Accessories,0,0,0,160,229,2025-02-15
Silver Anklet,Accessories,1,26,25,350,549,2025-02-15
Floral Kurti,Women's Wear,9,44,35,350,599,2025-02-16
Leggings Pack,Women's Wear,9,86,77,220,349,2025-02-16
Cotton Saree,Women's Wear,0,0,0,700,999,2025-02-16
Casual Shirt,Men's Wear,5,39,165,500,799,2025-02-16
Formal Trousers,Men's Wear,0,55,55,900,1049,2025-02-16
Graphic T-Shirt,Men's Wear,8,101,93,300,499,2025-02-16
Kids Frock,Kids Wear,0,0,0,280,449,2025-02-16
School Shorts,Kids Wear,0,0,0,180,299,2025-02-16
Kids Hoodie,Kids Wear,0,0,0,450,649,2025-02-16
Running Shoes,Footwear,0,0,0,1200,1599,2025-02-16
Casual Sandals,Footwear,0,0,0,500,699,2025-02-16
Leather Belt,Accessories,0,48,48,250,289,2025-02-16
Fashion Scarf,Accessories,0,33,33,180,299,2025-02-16
Baseball Cap,Accessories,0,0,0,160,229,2025-02-16
Silver Anklet,Accessories,1,25,24,350,549,2025-02-16
Floral Kurti,Women's Wear,10,35,123,350,599,2025-02-17
Leggings Pack,Women's Wear,8,77,69,220,349,2025-02-17
Cotton Saree,Women's Wear,0,0,0,700,999,2025-02-17
Casual Shirt,Men's Wear,8,165,157,500,799,2025-02-17
Formal Trousers,Men's Wear,0,55,55,900,1049,2025-02-17
Graphic T-Shirt,Men's Wear,7,93,86,300,499,2025-02-17
Kids Frock,Kids Wear,0,0,0,280,449,2025-02-17
School Shorts,Kids Wear,0,0,0,180,299,2025-02-17
Kids Hoodie,Kids Wear,0,0,0,450,649,2025-02-17
Running Shoes,Footwear,0,0,0,1200,1599,2025-02-17
Casual Sandals,Footwear,0,0,0,500,699,2025-02-17
Leather Belt,Accessories,0,48,48,250,289,2025-02-17
Fashion Scarf,Accessories,0,33,33,180,299,2025-02-17
Baseball Cap,Accessories,0,0,0,160,229,2025-02-17
Silver Anklet,Accessories,0,24,24,350,549,2025-02-17
Floral Kurti,Women's Wear,8,123,115,350,599,2025-02-18
Leggings Pack,Women's Wear,14,69,55,220,349,2025-02-18
Cotton Saree,Women's Wear,0,0,0,700,999,2025-02-18
Casual Shirt,Men's Wear,5,157,152,500,799,2025-02-18
Formal Trousers,Men's Wear,2,55,53,900,1049,2025-02-18
Graphic T-Shirt,Men's Wear,4,86,82,300,499,2025-02-18
Kids Frock,Kids Wear,0,0,0,280,449,2025-02-18
School Shorts,Kids Wear,0,0,0,180,299,2025-02-18
Kids Hoodie,Kids Wear,0,0,0,450,649,2025-02-18
Running Shoes,Footwear,0,0,0,1200,1599,2025-02-18
Casual Sandals,Footwear,0,0,0,500,699,2025-02-18
Leather Belt,Accessories,0,48,48,250,289,2025-02-18
Fashion Scarf,Accessories,0,33,33,180,299,2025-02-18
Baseball Cap,Accessories,0,0,0,160,229,2025-02-18
Silver Anklet,Accessories,0,24,24,350,549,2025-02-18
Floral Kurti,Women's Wear,15,115,100,350,599,2025-02-19
Leggings Pack,Women's Wear,13,55,42,220,349,2025-02-19
Cotton Saree,Women's Wear,0,0,0,700,999,2025-02-19
Casual Shirt,Men's Wear,3,152,149,500,799,2025-02-19
Formal Trousers,Men's Wear,0,53,53,900,1049,2025-02-19
Graphic T-Shirt,Men's Wear,8,82,74,300,499,2025-02-19
Kids Frock,Kids Wear,0,0,0,280,449,2025-02-19
School Shorts,Kids Wear,0,0,0,180,299,2025-02-19
Kids Hoodie,Kids Wear,0,0,0,450,649,2025-02-19
Running Shoes,Footwear,0,0,0,1200,1599,2025-02-19
Casual Sandals,Footwear,0,0,0,500,699,2025-02-19
Leather Belt,Accessories,0,48,48,250,289,2025-02-19
Fashion Scarf,Accessories,2,33,31,180,299,2025-02-19
Baseball Cap,Accessories,0,0,0,160,229,2025-02-19
Silver Anklet,Accessories,0,24,24,350,549,2025-02-19
Floral Kurti,Women's Wear,13,100,87,350,599,2025-02-20
Leggings Pack,Women's Wear,8,42,171,220,349,2025-02-20
Cotton Saree,Women's Wear,0,0,0,700,999,2025-02-20
Casual Shirt,Men's Wear,6,149,143,500,799,2025-02-20
Formal Trousers,Men's Wear,0,53,53,900,1049,2025-02-20
Graphic T-Shirt,Men's Wear,7,74,67,300,499,2025-02-20
Kids Frock,Kids Wear,0,0,0,280,449,2025-02-20
School Shorts,Kids Wear,0,0,0,180,299,2025-02-20
Kids Hoodie,Kids Wear,0,0,0,450,649,2025-02-20
Running Shoes,Footwear,0,0,0,1200,1599,2025-02-20
Casual Sandals,Footwear,0,0,0,500,699,2025-02-20
Leather Belt,Accessories,0,48,48,250,289,2025-02-20
Fashion Scarf,Accessories,2,31,29,180,299,2025-02-20
Baseball Cap,Accessories,0,0,0,160,229,2025-02-20
Silver Anklet,Accessories,0,24,24,350,549,2025-02-20
Floral Kurti,Women's Wear,14,87,73,350,599,2025-02-21
Leggings Pack,Women's Wear,19,171,152,220,349,2025-02-21
Cotton Saree,Women's Wear,0,0,0,700,999,2025-02-21
Casual Shirt,Men's Wear,6,143,137,500,799,2025-02-21
Formal Trousers,Men's Wear,0,53,53,900,1049,2025-02-21
Graphic T-Shirt,Men's Wear,6,67,61,300,499,2025-02-21
Kids Frock,Kids Wear,0,0,0,280,449,2025-02-21
School Shorts,Kids Wear,0,0,0,180,299,2025-02-21
Kids Hoodie,Kids Wear,0,0,0,450,649,2025-02-21
Running Shoes,Footwear,0,0,0,1200,1599,2025-02-21
Casual Sandals,Footwear,0,0,0,500,699,2025-02-21
Leather Belt,Accessories,0,48,48,250,289,2025-02-21
Fashion Scarf,Accessories,0,29,29,180,299,2025-02-21
Baseball Cap,Accessories,0,0,0,160,229,2025-02-21
Silver Anklet,Accessories,0,24,24,350,549,2025-02-21
Floral Kurti,Women's Wear,12,73,61,350,599,2025-02-22
Leggings Pack,Women's Wear,10,152,142,220,349,2025-02-22
Cotton Saree,Women's Wear,0,0,0,700,999,2025-02-22
Casual Shirt,Men's Wear,10,137,127,500,799,2025-02-22
Formal Trousers,Men's Wear,0,53,53,900,1049,2025-02-22
Graphic T-Shirt,Men's Wear,10,61,51,300,499,2025-02-22
Kids Frock,Kids Wear,0,0,0,280,449,2025-02-22
School Shorts,Kids Wear,0,0,0,180,299,2025-02-22
Kids Hoodie,Kids Wear,0,0,0,450,649,2025-02-22
Running Shoes,Footwear,0,0,0,1200,1599,2025-02-22
Casual Sandals,Footwear,0,0,0,500,699,2025-02-22
Leather Belt,Accessories,2,48,46,250,289,2025-02-22
Fashion Scarf,Accessories,0,29,29,180,299,2025-02-22
Baseball Cap,Accessories,0,0,0,160,229,2025-02-22
Silver Anklet,Accessories,0,24,24,350,549,2025-02-22
Floral Kurti,Women's Wear,9,61,52,350,599,2025-02-23
Leggings Pack,Women's Wear,8,142,134,220,349,2025-02-23
Cotton Saree,Women's Wear,0,0,0,700,999,2025-02-23
Casual Shirt,Men's Wear,7,127,120,500,799,2025-02-23
Formal Trousers,Men's Wear,1,53,52,900,1049,2025-02-23
Graphic T-Shirt,Men's Wear,6,51,45,300,499,2025-02-23
Kids Frock,Kids Wear,0,0,0,280,449,2025-02-23
School Shorts,Kids Wear,0,0,0,180,299,2025-02-23
Kids Hoodie,Kids Wear,0,0,0,450,649,2025-02-23
Running Shoes,Footwear,0,0,0,1200,1599,2025-02-23
Casual Sandals,Footwear,0,0,0,500,699,2025-02-23
Leather Belt,Accessories,0,46,46,250,289,2025-02-23
Fashion Scarf,Accessories,1,29,28,180,299,2025-02-23
Baseball Cap,Accessories,0,0,0,160,229,2025-02-23
Silver Anklet,Accessories,0,24,24,350,549,2025-02-23
Floral Kurti,Women's Wear,13,52,39,350,599,2025-02-24
Leggings Pack,Women's Wear,12,134,122,220,349,2025-02-24
Cotton Saree,Women's Wear,0,0,0,700,999,2025-02-24
Casual Shirt,Men's Wear,7,120,113,500,799,2025-02-24
Formal Trousers,Men's Wear,0,52,52,900,1049,2025-02-24
Graphic T-Shirt,Men's Wear,5,45,40,300,499,2025-02-24
Kids Frock,Kids Wear,0,0,0,280,449,2025-02-24
School Shorts,Kids Wear,0,0,0,180,299,2025-02-24
Kids Hoodie,Kids Wear,0,0,0,450,649,2025-02-24
Running Shoes,Footwear,0,0,0,1200,1599,2025-02-24
Casual Sandals,Footwear,0,0,0,500,699,2025-02-24
Leather Belt,Accessories,0,46,46,250,289,2025-02-24
Fashion Scarf,Accessories,1,28,27,180,299,2025-02-24
Baseball Cap,Accessories,0,0,0,160,229,2025-02-24
Silver Anklet,Accessories,2,24,22,350,549,2025-02-24
Floral Kurti,Women's Wear,11,39,168,350,599,2025-02-25
Leggings Pack,Women's Wear,10,122,112,220,349,2025-02-25
Cotton Saree,Women's Wear,0,0,0,700,999,2025-02-25
Casual Shirt,Men's Wear,5,113,108,500,799,2025-02-25
Formal Trousers,Men's Wear,0,52,52,900,1049,2025-02-25
Graphic T-Shirt,Men's Wear,8,40,171,300,499,2025-02-25
Kids Frock,Kids Wear,0,0,0,280,449,2025-02-25
School Shorts,Kids Wear,0,0,0,180,299,2025-02-25
Kids Hoodie,Kids Wear,0,0,0,450,649,2025-02-25
Running Shoes,Footwear,0,0,0,1200,1599,2025-02-25
Casual Sandals,Footwear,0,0,0,500,699,2025-02-25
Leather Belt,Accessories,0,46,46,250,289,2025-02-25
Fashion Scarf,Accessories,1,27,26,180,299,2025-02-25
Baseball Cap,Accessories,0,0,0,160,229,2025-02-25
Silver Anklet,Accessories,0,22,22,350,549,2025-02-25
Floral Kurti,Women's Wear,12,168,156,350,599,2025-02-26
Leggings Pack,Women's Wear,9,112,103,220,349,2025-02-26
Cotton Saree,Women's Wear,0,0,0,700,999,2025-02-26
Casual Shirt,Men's Wear,6,108,102,500,799,2025-02-26
Formal Trousers,Men's Wear,0,52,52,900,1049,2025-02-26
Graphic T-Shirt,Men's Wear,5,171,166,300,499,2025-02-26
Kids Frock,Kids Wear,0,0,0,280,449,2025-02-26
School Shorts,Kids Wear,0,0,0,180,299,2025-02-26
Kids Hoodie,Kids Wear,0,0,0,450,649,2025-02-26
Running Shoes,Footwear,0,0,0,1200,1599,2025-02-26
Casual Sandals,Footwear,0,0,0,500,699,2025-02-26
Leather Belt,Accessories,0,46,46,250,289,2025-02-26
Fashion Scarf,Accessories,0,26,26,180,299,2025-02-26
Baseball Cap,Accessories,0,0,0,160,229,2025-02-26
Silver Anklet,Accessories,2,22,20,350,549,2025-02-26
Floral Kurti,Women's Wear,13,156,143,350,599,2025-02-27
Leggings Pack,Women's Wear,14,103,89,220,349,2025-02-27
Cotton Saree,Women's Wear,0,0,0,700,999,2025-02-27
Casual Shirt,Men's Wear,8,102,94,500,799,2025-02-27
Formal Trousers,Men's Wear,2,52,50,900,1049,2025-02-27
Graphic T-Shirt,Men's Wear,6,166,160,300,499,2025-02-27
Kids Frock,Kids Wear,0,0,0,280,449,2025-02-27
School Shorts,Kids Wear,0,0,0,180,299,2025-02-27
Kids Hoodie,Kids Wear,0,0,0,450,649,2025-02-27
Running Shoes,Footwear,0,0,0,1200,1599,2025-02-27
Casual Sandals,Footwear,0,0,0,500,699,2025-02-27
Leather Belt,Accessories,1,46,45,250,289,2025-02-27
Fashion Scarf,Accessories,0,26,26,180,299,2025-02-27
Baseball Cap,Accessories,0,0,0,160,229,2025-02-27
Silver Anklet,Accessories,0,20,20,350,549,2025-02-27
Floral Kurti,Women's Wear,14,143,129,350,599,2025-02-28
Leggings Pack,Women's Wear,15,89,74,220,349,2025-02-28
Cotton Saree,Women's Wear,0,0,0,700,999,2025-02-28
Casual Shirt,Men's Wear,9,94,85,500,799,2025-02-28
Formal Trousers,Men's Wear,0,50,50,900,1049,2025-02-28
Graphic T-Shirt,Men's Wear,9,160,151,300,499,2025-02-28
Kids Frock,Kids Wear,0,0,0,280,449,2025-02-28
School Shorts,Kids Wear,0,0,0,180,299,2025-02-28
Kids Hoodie,Kids Wear,0,0,0,450,649,2025-02-28
Running Shoes,Footwear,0,0,0,1200,1599,2025-02-28
Casual Sandals,Footwear,0,0,0,500,699,2025-02-28
Leather Belt,Accessories,0,45,45,250,289,2025-02-28
Fashion Scarf,Accessories,0,26,26,180,299,2025-02-28
Baseball Cap,Accessories,0,0,0,160,229,2025-02-28
Silver Anklet,Accessories,0,20,20,350,549,2025-02-28
Floral Kurti,Women's Wear,15,129,114,350,599,2025-03-01
Leggings Pack,Women's Wear,22,74,52,220,349,2025-03-01
Cotton Saree,Women's Wear,0,0,0,700,999,2025-03-01
Casual Shirt,Men's Wear,4,85,81,500,799,2025-03-01
Formal Trousers,Men's Wear,0,50,50,900,1049,2025-03-01
Graphic T-Shirt,Men's Wear,8,151,143,300,499,2025-03-01
Kids Frock,Kids Wear,0,0,0,280,449,2025-03-01
School Shorts,Kids Wear,0,0,0,180,299,2025-03-01
Kids Hoodie,Kids Wear,0,0,0,450,649,2025-03-01
Running Shoes,Footwear,0,0,0,1200,1599,2025-03-01
Casual Sandals,Footwear,0,0,0,500,699,2025-03-01
Leather Belt,Accessories,0,45,45,250,289,2025-03-01
Fashion Scarf,Accessories,0,26,26,180,299,2025-03-01
Baseball Cap,Accessories,0,0,0,160,229,2025-03-01
Silver Anklet,Accessories,0,20,20,350,549,2025-03-01
Floral Kurti,Women's Wear,13,114,101,350,599,2025-03-02
Leggings Pack,Women's Wear,10,52,42,220,349,2025-03-02
Cotton Saree,Women's Wear,0,0,0,700,999,2025-03-02
Casual Shirt,Men's Wear,4,81,77,500,799,2025-03-02
Formal Trousers,Men's Wear,0,50,50,900,1049,2025-03-02
Graphic T-Shirt,Men's Wear,6,143,137,300,499,2025-03-02
Kids Frock,Kids Wear,0,0,0,280,449,2025-03-02
School Shorts,Kids Wear,0,0,0,180,299,2025-03-02
Kids Hoodie,Kids Wear,0,0,0,450,649,2025-03-02
Running Shoes,Footwear,0,0,0,1200,1599,2025-03-02
Casual Sandals,Footwear,0,0,0,500,699,2025-03-02
Leather Belt,Accessories,0,45,45,250,289,2025-03-02
Fashion Scarf,Accessories,0,26,26,180,299,2025-03-02
Baseball Cap,Accessories,0,0,0,160,229,2025-03-02
Silver Anklet,Accessories,0,20,20,350,549,2025-03-02
Floral Kurti,Women's Wear,16,101,85,350,599,2025-03-03
Leggings Pack,Women's Wear,14,42,163,220,349,2025-03-03
Cotton Saree,Women's Wear,0,0,0,700,999,2025-03-03
Casual Shirt,Men's Wear,7,77,70,500,799,2025-03-03
Formal Trousers,Men's Wear,0,50,50,900,1049,2025-03-03
Graphic T-Shirt,Men's Wear,10,137,127,300,499,2025-03-03
Kids Frock,Kids Wear,0,0,0,280,449,2025-03-03
School Shorts,Kids Wear,0,0,0,180,299,2025-03-03
Kids Hoodie,Kids Wear,0,0,0,450,649,2025-03-03
Running Shoes,Footwear,0,0,0,1200,1599,2025-03-03
Casual Sandals,Footwear,0,0,0,500,699,2025-03-03
Leather Belt,Accessories,0,45,45,250,289,2025-03-03
Fashion Scarf,Accessories,0,26,26,180,299,2025-03-03
Baseball Cap,Accessories,0,0,0,160,229,2025-03-03
Silver Anklet,Accessories,0,20,20,350,549,2025-03-03
Floral Kurti,Women's Wear,10,85,75,350,599,2025-03-04
Leggings Pack,Women's Wear,16,163,147,220,349,2025-03-04
Cotton Saree,Women's Wear,0,0,0,700,999,2025-03-04
Casual Shirt,Men's Wear,5,70,65,500,799,2025-03-04
Formal Trousers,Men's Wear,1,50,49,900,1049,2025-03-04
Graphic T-Shirt,Men's Wear,8,127,119,300,499,2025-03-04
Kids Frock,Kids Wear,0,0,0,280,449,2025-03-04
School Shorts,Kids Wear,0,0,0,180,299,2025-03-04
Kids Hoodie,Kids Wear,0,0,0,450,649,2025-03-04
Running Shoes,Footwear,0,0,0,1200,1599,2025-03-04
Casual Sandals,Footwear,0,0,0,500,699,2025-03-04
Leather Belt,Accessories,0,45,45,250,289,2025-03-04
Fashion Scarf,Accessories,0,26,26,180,299,2025-03-04
Baseball Cap,Accessories,0,0,0,160,229,2025-03-04
Silver Anklet,Accessories,0,20,20,350,549,2025-03-04
Floral Kurti,Women's Wear,14,75,61,350,599,2025-03-05
Leggings Pack,Women's Wear,17,147,130,220,349,2025-03-05
Cotton Saree,Women's Wear,0,0,0,700,999,2025-03-05
Casual Shirt,Men's Wear,8,65,57,500,799,2025-03-05
Formal Trousers,Men's Wear,2,49,47,900,1049,2025-03-05
Graphic T-Shirt,Men's Wear,10,119,109,300,499,2025-03-05
Kids Frock,Kids Wear,0,0,0,280,449,2025-03-05
School Shorts,Kids Wear,0,0,0,180,299,2025-03-05
Kids Hoodie,Kids Wear,0,0,0,450,649,2025-03-05
Running Shoes,Footwear,0,0,0,1200,1599,2025-03-05
Casual Sandals,Footwear,0,0,0,500,699,2025-03-05
Leather Belt,Accessories,0,45,45,250,289,2025-03-05
Fashion Scarf,Accessories,2,26,24,180,299,2025-03-05
Baseball Cap,Accessories,0,0,0,160,229,2025-03-05
Silver Anklet,Accessories,0,20,20,350,549,2025-03-05
Floral Kurti,Women's Wear,13,61,48,350,599,2025-03-06
Leggings Pack,Women's Wear,17,130,113,220,349,2025-03-06
Cotton Saree,Women's Wear,0,0,0,700,999,2025-03-06
Casual Shirt,Men's Wear,10,57,47,500,799,2025-03-06
Formal Trousers,Men's Wear,2,47,45,900,1049,2025-03-06
Graphic T-Shirt,Men's Wear,4,109,105,300,499,2025-03-06
Kids Frock,Kids Wear,0,0,0,280,449,2025-03-06
School Shorts,Kids Wear,0,0,0,180,299,2025-03-06
Kids Hoodie,Kids Wear,0,0,0,450,649,2025-03-06
Running Shoes,Footwear,0,0,0,1200,1599,2025-03-06
Casual Sandals,Footwear,0,0,0,500,699,2025-03-06
Leather Belt,Accessories,1,45,44,250,289,2025-03-06
Fashion Scarf,Accessories,2,24,22,180,299,2025-03-06
Baseball Cap,Accessories,0,0,0,160,229,2025-03-06
Silver Anklet,Accessories,0,20,20,350,549,2025-03-06
Floral Kurti,Women's Wear,13,48,35,350,599,2025-03-07
Leggings Pack,Women's Wear,18,113,95,220,349,2025-03-07
Cotton Saree,Women's Wear,0,0,0,700,999,2025-03-07
Casual Shirt,Men's Wear,9,47,38,500,799,2025-03-07
Formal Trousers,Men's Wear,0,45,45,900,1049,2025-03-07
Graphic T-Shirt,Men's Wear,6,105,99,300,499,2025-03-07
Kids Frock,Kids Wear,0,0,0,280,449,2025-03-07
School Shorts,Kids Wear,0,0,0,180,299,2025-03-07
Kids Hoodie,Kids Wear,0,0,0,450,649,2025-03-07
Running Shoes,Footwear,0,0,0,1200,1599,2025-03-07
Casual Sandals,Footwear,0,0,0,500,699,2025-03-07
Leather Belt,Accessories,0,44,44,250,289,2025-03-07
Fashion Scarf,Accessories,0,22,22,180,299,2025-03-07
Baseball Cap,Accessories,0,0,0,160,229,2025-03-07
Silver Anklet,Accessories,2,20,18,350,549,2025-03-07
Floral Kurti,Women's Wear,20,35,107,350,599,2025-03-08
Leggings Pack,Women's Wear,18,95,77,220,349,2025-03-08
Cotton Saree,Women's Wear,0,0,0,700,999,2025-03-08
Casual Shirt,Men's Wear,9,38,166,500,799,2025-03-08
Formal Trousers,Men's Wear,0,45,45,900,1049,2025-03-08
Graphic T-Shirt,Men's Wear,8,99,91,300,499,2025-03-08
Kids Frock,Kids Wear,0,0,0,280,449,2025-03-08
School Shorts,Kids Wear,0,0,0,180,299,2025-03-08
Kids Hoodie,Kids Wear,0,0,0,450,649,2025-03-08
Running Shoes,Footwear,0,0,0,1200,1599,2025-03-08
Casual Sandals,Footwear,0,0,0,500,699,2025-03-08
Leather Belt,Accessories,3,44,41,250,289,2025-03-08
Fashion Scarf,Accessories,0,22,22,180,299,2025-03-08
Baseball Cap,Accessories,0,0,0,160,229,2025-03-08
Silver Anklet,Accessories,0,18,18,350,549,2025-03-08
Floral Kurti,Women's Wear,17,107,90,350,599,2025-03-09
Leggings Pack,Women's Wear,17,77,60,220,349,2025-03-09
Cotton Saree,Women's Wear,0,0,0,700,999,2025-03-09
Casual Shirt,Men's Wear,8,166,158,500,799,2025-03-09
Formal Trousers,Men's Wear,0,45,45,900,1049,2025-03-09
Graphic T-Shirt,Men's Wear,8,91,83,300,499,2025-03-09
Kids Frock,Kids Wear,0,0,0,280,449,2025-03-09
School Shorts,Kids Wear,0,0,0,180,299,2025-03-09
Kids Hoodie,Kids Wear,0,0,0,450,649,2025-03-09
Running Shoes,Footwear,0,0,0,1200,1599,2025-03-09
Casual Sandals,Footwear,0,0,0,500,699,2025-03-09
Leather Belt,Accessories,0,41,41,250,289,2025-03-09
Fashion Scarf,Accessories,0,22,22,180,299,2025-03-09
Baseball Cap,Accessories,0,0,0,160,229,2025-03-09
Silver Anklet,Accessories,0,18,18,350,549,2025-03-09
Floral Kurti,Women's Wear,10,90,80,350,599,2025-03-10
Leggings Pack,Women's Wear,13,60,47,220,349,2025-03-10
Cotton Saree,Women's Wear,0,0,0,700,999,2025-03-10
Casual Shirt,Men's Wear,7,158,151,500,799,2025-03-10
Formal Trousers,Men's Wear,0,45,45,900,1049,2025-03-10
Graphic T-Shirt,Men's Wear,8,83,75,300,499,2025-03-10
Kids Frock,Kids Wear,0,0,0,280,449,2025-03-10
School Shorts,Kids Wear,0,0,0,180,299,2025-03-10
Kids Hoodie,Kids Wear,0,0,0,450,649,2025-03-10
Running Shoes,Footwear,0,0,0,1200,1599,2025-03-10
Casual Sandals,Footwear,0,0,0,500,699,2025-03-10
Leather Belt,Accessories,0,41,41,250,289,2025-03-10
Fashion Scarf,Accessories,0,22,22,180,299,2025-03-10
Baseball Cap,Accessories,0,0,0,160,229,2025-03-10
Silver Anklet,Accessories,0,18,18,350,549,2025-03-10
Floral Kurti,Women's Wear,12,80,68,350,599,2025-03-11
Leggings Pack,Women's Wear,18,47,117,220,349,2025-03-11
Cotton Saree,Women's Wear,0,0,0,700,999,2025-03-11
Casual Shirt,Men's Wear,6,151,145,500,799,2025-03-11
Formal Trousers,Men's Wear,2,45,43,900,1049,2025-03-11
Graphic T-Shirt,Men's Wear,10,75,65,300,499,2025-03-11
Kids Frock,Kids Wear,0,0,0,280,449,2025-03-11
School Shorts,Kids Wear,0,0,0,180,299,2025-03-11
Kids Hoodie,Kids Wear,0,0,0,450,649,2025-03-11
Running Shoes,Footwear,0,0,0,1200,1599,2025-03-11
Casual Sandals,Footwear,0,0,0,500,699,2025-03-11
Leather Belt,Accessories,0,41,41,250,289,2025-03-11
Fashion Scarf,Accessories,0,22,22,180,299,2025-03-11
Baseball Cap,Accessories,0,0,0,160,229,2025-03-11
Silver Anklet,Accessories,0,18,18,350,549,2025-03-11
Floral Kurti,Women's Wear,17,68,51,350,599,2025-03-12
Leggings Pack,Women's Wear,18,117,99,220,349,2025-03-12
Cotton Saree,Women's Wear,0,0,0,700,999,2025-03-12
Casual Shirt,Men's Wear,10,145,135,500,799,2025-03-12
Formal Trousers,Men's Wear,0,43,43,900,1049,2025-03-12
Graphic T-Shirt,Men's Wear,5,65,60,300,499,2025-03-12
Kids Frock,Kids Wear,0,0,0,280,449,2025-03-12
School Shorts,Kids Wear,0,0,0,180,299,2025-03-12
Kids Hoodie,Kids Wear,0,0,0,450,649,2025-03-12
Running Shoes,Footwear,0,0,0,1200,1599,2025-03-12
Casual Sandals,Footwear,0,0,0,500,699,2025-03-12
Leather Belt,Accessories,1,41,40,250,289,2025-03-12
Fashion Scarf,Accessories,0,22,22,180,299,2025-03-12
Baseball Cap,Accessories,0,0,0,160,229,2025-03-12
Silver Anklet,Accessories,2,18,16,350,549,2025-03-12
Floral Kurti,Women's Wear,11,51,40,350,599,2025-03-13
Leggings Pack,Women's Wear,10,99,89,220,349,2025-03-13
Cotton Saree,Women's Wear,0,0,0,700,999,2025-03-13
Casual Shirt,Men's Wear,7,135,128,500,799,2025-03-13
Formal Trousers,Men's Wear,0,43,43,900,1049,2025-03-13
Graphic T-Shirt,Men's Wear,7,60,53,300,499,2025-03-13
Kids Frock,Kids Wear,0,0,0,280,449,2025-03-13
School Shorts,Kids Wear,0,0,0,180,299,2025-03-13
Kids Hoodie,Kids Wear,0,0,0,450,649,2025-03-13
Running Shoes,Footwear,0,0,0,1200,1599,2025-03-13
Casual Sandals,Footwear,0,0,0,500,699,2025-03-13
Leather Belt,Accessories,0,40,40,250,289,2025-03-13
Fashion Scarf,Accessories,0,22,22,180,299,2025-03-13
Baseball Cap,Accessories,0,0,0,160,229,2025-03-13
Silver Anklet,Accessories,0,16,16,350,549,2025-03-13
Floral Kurti,Women's Wear,20,40,128,350,599,2025-03-14
Leggings Pack,Women's Wear,20,89,69,220,349,2025-03-14
Cotton Saree,Women's Wear,0,0,0,700,999,2025-03-14
Casual Shirt,Men's Wear,10,128,118,500,799,2025-03-14
Formal Trousers,Men's Wear,0,43,43,900,1049,2025-03-14
Graphic T-Shirt,Men's Wear,12,53,41,300,499,2025-03-14
Kids Frock,Kids Wear,0,0,0,280,449,2025-03-14
School Shorts,Kids Wear,0,0,0,180,299,2025-03-14
Kids Hoodie,Kids Wear,0,0,0,450,649,2025-03-14
Running Shoes,Footwear,0,0,0,1200,1599,2025-03-14
Casual Sandals,Footwear,0,0,0,500,699,2025-03-14
Leather Belt,Accessories,2,40,38,250,289,2025-03-14
Fashion Scarf,Accessories,0,22,22,180,299,2025-03-14
Baseball Cap,Accessories,0,0,0,160,229,2025-03-14
Silver Anklet,Accessories,0,16,16,350,549,2025-03-14
Floral Kurti,Women's Wear,13,128,115,350,599,2025-03-15
Leggings Pack,Women's Wear,15,69,54,220,349,2025-03-15
Cotton Saree,Women's Wear,0,0,0,700,999,2025-03-15
Casual Shirt,Men's Wear,10,118,108,500,799,2025-03-15
Formal Trousers,Men's Wear,0,43,43,900,1049,2025-03-15
Graphic T-Shirt,Men's Wear,6,41,35,300,499,2025-03-15
Kids Frock,Kids Wear,0,0,0,280,449,2025-03-15
School Shorts,Kids Wear,0,0,0,180,299,2025-03-15
Kids Hoodie,Kids Wear,0,0,0,450,649,2025-03-15
Running Shoes,Footwear,0,0,0,1200,1599,2025-03-15
Casual Sandals,Footwear,0,0,0,500,699,2025-03-15
Leather Belt,Accessories,3,38,35,250,289,2025-03-15
Fashion Scarf,Accessories,0,22,22,180,299,2025-03-15
Baseball Cap,Accessories,0,0,0,160,229,2025-03-15
Silver Anklet,Accessories,0,16,16,350,549,2025-03-15
Floral Kurti,Women's Wear,11,115,104,350,599,2025-03-16
Leggings Pack,Women's Wear,16,54,38,220,349,2025-03-16
Cotton Saree,Women's Wear,0,0,0,700,999,2025-03-16
Casual Shirt,Men's Wear,5,108,103,500,799,2025-03-16
Formal Trousers,Men's Wear,0,43,43,900,1049,2025-03-16
Graphic T-Shirt,Men's Wear,4,35,135,300,499,2025-03-16
Kids Frock,Kids Wear,0,0,0,280,449,2025-03-16
School Shorts,Kids Wear,0,0,0,180,299,2025-03-16
Kids Hoodie,Kids Wear,0,0,0,450,649,2025-03-16
Running Shoes,Footwear,0,0,0,1200,1599,2025-03-16
Casual Sandals,Footwear,0,0,0,500,699,2025-03-16
Leather Belt,Accessories,1,35,34,250,289,2025-03-16
Fashion Scarf,Accessories,0,22,22,180,299,2025-03-16
Baseball Cap,Accessories,0,0,0,160,229,2025-03-16
Silver Anklet,Accessories,0,16,16,350,549,2025-03-16
Floral Kurti,Women's Wear,14,104,90,350,599,2025-03-17
Leggings Pack,Women's Wear,17,38,115,220,349,2025-03-17
Cotton Saree,Women's Wear,0,0,0,700,999,2025-03-17
Casual Shirt,Men's Wear,5,103,98,500,799,2025-03-17
Formal Trousers,Men's Wear,0,43,43,900,1049,2025-03-17
Graphic T-Shirt,Men's Wear,7,135,128,300,499,2025-03-17
Kids Frock,Kids Wear,0,0,0,280,449,2025-03-17
School Shorts,Kids Wear,0,0,0,180,299,2025-03-17
Kids Hoodie,Kids Wear,0,0,0,450,649,2025-03-17
Running Shoes,Footwear,0,0,0,1200,1599,2025-03-17
Casual Sandals,Footwear,0,0,0,500,699,2025-03-17
Leather Belt,Accessories,0,34,34,250,289,2025-03-17
Fashion Scarf,Accessories,0,22,22,180,299,2025-03-17
Baseball Cap,Accessories,0,0,0,160,229,2025-03-17
Silver Anklet,Accessories,0,16,16,350,549,2025-03-17
Floral Kurti,Women's Wear,11,90,79,350,599,2025-03-18
Leggings Pack,Women's Wear,13,115,102,220,349,2025-03-18
Cotton Saree,Women's Wear,0,0,0,700,999,2025-03-18
Casual Shirt,Men's Wear,10,98,88,500,799,2025-03-18
Formal Trousers,Men's Wear,0,43,43,900,1049,2025-03-18
Graphic T-Shirt,Men's Wear,8,128,120,300,499,2025-03-18
Kids Frock,Kids Wear,0,0,0,280,449,2025-03-18
School Shorts,Kids Wear,0,0,0,180,299,2025-03-18
Kids Hoodie,Kids Wear,0,0,0,450,649,2025-03-18
Running Shoes,Footwear,0,0,0,1200,1599,2025-03-18
Casual Sandals,Footwear,0,0,0,500,699,2025-03-18
Leather Belt,Accessories,0,34,34,250,289,2025-03-18
Fashion Scarf,Accessories,0,22,22,180,299,2025-03-18
Baseball Cap,Accessories,0,0,0,160,229,2025-03-18
Silver Anklet,Accessories,0,16,16,350,549,2025-03-18
Floral Kurti,Women's Wear,10,79,69,350,599,2025-03-19
Leggings Pack,Women's Wear,17,102,85,220,349,2025-03-19
Cotton Saree,Women's Wear,0,0,0,700,999,2025-03-19
Casual Shirt,Men's Wear,8,88,80,500,799,2025-03-19
Formal Trousers,Men's Wear,0,43,43,900,1049,2025-03-19
Graphic T-Shirt,Men's Wear,5,120,115,300,499,2025-03-19
Kids Frock,Kids Wear,0,0,0,280,449,2025-03-19
School Shorts,Kids Wear,0,0,0,180,299,2025-03-19
Kids Hoodie,Kids Wear,0,0,0,450,649,2025-03-19
Running Shoes,Footwear,0,0,0,1200,1599,2025-03-19
Casual Sandals,Footwear,0,0,0,500,699,2025-03-19
Leather Belt,Accessories,0,34,34,250,289,2025-03-19
Fashion Scarf,Accessories,0,22,22,180,299,2025-03-19
Baseball Cap,Accessories,0,0,0,160,229,2025-03-19
Silver Anklet,Accessories,0,16,16,350,549,2025-03-19
Floral Kurti,Women's Wear,11,69,58,350,599,2025-03-20
Leggings Pack,Women's Wear,12,85,73,220,349,2025-03-20
Cotton Saree,Women's Wear,0,0,0,700,999,2025-03-20
Casual Shirt,Men's Wear,10,80,70,500,799,2025-03-20
Formal Trousers,Men's Wear,0,43,43,900,1049,2025-03-20
Graphic T-Shirt,Men's Wear,4,115,111,300,499,2025-03-20
Kids Frock,Kids Wear,0,0,0,280,449,2025-03-20
School Shorts,Kids Wear,0,0,0,180,299,2025-03-20
Kids Hoodie,Kids Wear,0,0,0,450,649,2025-03-20
Running Shoes,Footwear,0,0,0,1200,1599,2025-03-20
Casual Sandals,Footwear,0,0,0,500,699,2025-03-20
Leather Belt,Accessories,0,34,34,250,289,2025-03-20
Fashion Scarf,Accessories,0,22,22,180,299,2025-03-20
Baseball Cap,Accessories,0,0,0,160,229,2025-03-20
Silver Anklet,Accessories,0,16,16,350,549,2025-03-20
Floral Kurti,Women's Wear,15,58,43,350,599,2025-03-21
Leggings Pack,Women's Wear,18,73,55,220,349,2025-03-21
Cotton Saree,Women's Wear,0,0,0,700,999,2025-03-21
Casual Shirt,Men's Wear,9,70,61,500,799,2025-03-21
Formal Trousers,Men's Wear,0,43,43,900,1049,2025-03-21
Graphic T-Shirt,Men's Wear,10,111,101,300,499,2025-03-21
Kids Frock,Kids Wear,0,0,0,280,449,2025-03-21
School Shorts,Kids Wear,0,0,0,180,299,2025-03-21
Kids Hoodie,Kids Wear,0,0,0,450,649,2025-03-21
Running Shoes,Footwear,0,0,0,1200,1599,2025-03-21
Casual Sandals,Footwear,0,0,0,500,699,2025-03-21
Leather Belt,Accessories,3,34,31,250,289,2025-03-21
Fashion Scarf,Accessories,0,22,22,180,299,2025-03-21
Baseball Cap,Accessories,0,0,0,160,229,2025-03-21
Silver Anklet,Accessories,0,16,16,350,549,2025-03-21
Floral Kurti,Women's Wear,22,43,136,350,599,2025-03-22
Leggings Pack,Women's Wear,21,55,129,220,349,2025-03-22
Cotton Saree,Women's Wear,0,0,0,700,999,2025-03-22
Casual Shirt,Men's Wear,12,61,49,500,799,2025-03-22
Formal Trousers,Men's Wear,0,43,43,900,1049,2025-03-22
Graphic T-Shirt,Men's Wear,4,101,97,300,499,2025-03-22
Kids Frock,Kids Wear,0,0,0,280,449,2025-03-22
School Shorts,Kids Wear,0,0,0,180,299,2025-03-22
Kids Hoodie,Kids Wear,0,0,0,450,649,2025-03-22
Running Shoes,Footwear,0,0,0,1200,1599,2025-03-22
Casual Sandals,Footwear,0,0,0,500,699,2025-03-22
Leather Belt,Accessories,0,31,31,250,289,2025-03-22
Fashion Scarf,Accessories,0,22,22,180,299,2025-03-22
Baseball Cap,Accessories,0,0,0,160,229,2025-03-22
Silver Anklet,Accessories,0,16,16,350,549,2025-03-22
Floral Kurti,Women's Wear,13,136,123,350,599,2025-03-23
Leggings Pack,Women's Wear,11,129,118,220,349,2025-03-23
Cotton Saree,Women's Wear,0,0,0,700,999,2025-03-23
Casual Shirt,Men's Wear,4,49,45,500,799,2025-03-23
Formal Trousers,Men's Wear,0,43,43,900,1049,2025-03-23
Graphic T-Shirt,Men's Wear,5,97,92,300,499,2025-03-23
Kids Frock,Kids Wear,0,0,0,280,449,2025-03-23
School Shorts,Kids Wear,0,0,0,180,299,2025-03-23
Kids Hoodie,Kids Wear,0,0,0,450,649,2025-03-23
Running Shoes,Footwear,0,0,0,1200,1599,2025-03-23
Casual Sandals,Footwear,0,0,0,500,699,2025-03-23
Leather Belt,Accessories,0,31,31,250,289,2025-03-23
Fashion Scarf,Accessories,0,22,22,180,299,2025-03-23
Baseball Cap,Accessories,0,0,0,160,229,2025-03-23
Silver Anklet,Accessories,1,16,15,350,549,2025-03-23
Floral Kurti,Women's Wear,11,123,112,350,599,2025-03-24
Leggings Pack,Women's Wear,12,118,106,220,349,2025-03-24
Cotton Saree,Women's Wear,0,0,0,700,999,2025-03-24
Casual Shirt,Men's Wear,7,45,38,500,799,2025-03-24
Formal Trousers,Men's Wear,0,43,43,900,1049,2025-03-24
Graphic T-Shirt,Men's Wear,6,92,86,300,499,2025-03-24
Kids Frock,Kids Wear,0,0,0,280,449,2025-03-24
School Shorts,Kids Wear,0,0,0,180,299,2025-03-24
Kids Hoodie,Kids Wear,0,0,0,450,649,2025-03-24
Running Shoes,Footwear,0,0,0,1200,1599,2025-03-24
Casual Sandals,Footwear,0,0,0,500,699,2025-03-24
Leather Belt,Accessories,1,31,30,250,289,2025-03-24
Fashion Scarf,Accessories,0,22,22,180,299,2025-03-24
Baseball Cap,Accessories,0,0,0,160,229,2025-03-24
Silver Anklet,Accessories,1,15,14,350,549,2025-03-24
Floral Kurti,Women's Wear,18,112,94,350,599,2025-03-25
Leggings Pack,Women's Wear,18,106,88,220,349,2025-03-25
Cotton Saree,Women's Wear,0,0,0,700,999,2025-03-25
Casual Shirt,Men's Wear,7,38,134,500,799,2025-03-25
Formal Trousers,Men's Wear,0,43,43,900,1049,2025-03-25
Graphic T-Shirt,Men's Wear,5,86,81,300,499,2025-03-25
Kids Frock,Kids Wear,0,0,0,280,449,2025-03-25
School Shorts,Kids Wear,0,0,0,180,299,2025-03-25
Kids Hoodie,Kids Wear,0,0,0,450,649,2025-03-25
Running Shoes,Footwear,0,0,0,1200,1599,2025-03-25
Casual Sandals,Footwear,0,0,0,500,699,2025-03-25
Leather Belt,Accessories,0,30,30,250,289,2025-03-25
Fashion Scarf,Accessories,2,22,20,180,299,2025-03-25
Baseball Cap,Accessories,0,0,0,160,229,2025-03-25
Silver Anklet,Accessories,0,14,14,350,549,2025-03-25
Floral Kurti,Women's Wear,12,94,82,350,599,2025-03-26
Leggings Pack,Women's Wear,17,88,71,220,349,2025-03-26
Cotton Saree,Women's Wear,0,0,0,700,999,2025-03-26
Casual Shirt,Men's Wear,4,134,130,500,799,2025-03-26
Formal Trousers,Men's Wear,0,43,43,900,1049,2025-03-26
Graphic T-Shirt,Men's Wear,10,81,71,300,499,2025-03-26
Kids Frock,Kids Wear,0,0,0,280,449,2025-03-26
School Shorts,Kids Wear,0,0,0,180,299,2025-03-26
Kids Hoodie,Kids Wear,0,0,0,450,649,2025-03-26
Running Shoes,Footwear,0,0,0,1200,1599,2025-03-26
Casual Sandals,Footwear,0,0,0,500,699,2025-03-26
Leather Belt,Accessories,0,30,30,250,289,2025-03-26
Fashion Scarf,Accessories,0,20,20,180,299,2025-03-26
Baseball Cap,Accessories,0,0,0,160,229,2025-03-26
Silver Anklet,Accessories,0,14,14,350,549,2025-03-26
Floral Kurti,Women's Wear,18,82,64,350,599,2025-03-27
Leggings Pack,Women's Wear,11,71,60,220,349,2025-03-27
Cotton Saree,Women's Wear,0,0,0,700,999,2025-03-27
Casual Shirt,Men's Wear,7,130,123,500,799,2025-03-27
Formal Trousers,Men's Wear,1,43,42,900,1049,2025-03-27
Graphic T-Shirt,Men's Wear,7,71,64,300,499,2025-03-27
Kids Frock,Kids Wear,0,0,0,280,449,2025-03-27
School Shorts,Kids Wear,0,0,0,180,299,2025-03-27
Kids Hoodie,Kids Wear,0,0,0,450,649,2025-03-27
Running Shoes,Footwear,0,0,0,1200,1599,2025-03-27
Casual Sandals,Footwear,0,0,0,500,699,2025-03-27
Leather Belt,Accessories,0,30,30,250,289,2025-03-27
Fashion Scarf,Accessories,0,20,20,180,299,2025-03-27
Baseball Cap,Accessories,0,0,0,160,229,2025-03-27
Silver Anklet,Accessories,1,14,13,350,549,2025-03-27
Floral Kurti,Women's Wear,16,64,48,350,599,2025-03-28
Leggings Pack,Women's Wear,21,60,39,220,349,2025-03-28
Cotton Saree,Women's Wear,0,0,0,700,999,2025-03-28
Casual Shirt,Men's Wear,12,123,111,500,799,2025-03-28
Formal Trousers,Men's Wear,0,42,42,900,1049,2025-03-28
Graphic T-Shirt,Men's Wear,12,64,52,300,499,2025-03-28
Kids Frock,Kids Wear,0,0,0,280,449,2025-03-28
School Shorts,Kids Wear,0,0,0,180,299,2025-03-28
Kids Hoodie,Kids Wear,0,0,0,450,649,2025-03-28
Running Shoes,Footwear,0,0,0,1200,1599,2025-03-28
Casual Sandals,Footwear,0,0,0,500,699,2025-03-28
Leather Belt,Accessories,0,30,30,250,289,2025-03-28
Fashion Scarf,Accessories,0,20,20,180,299,2025-03-28
Baseball Cap,Accessories,0,0,0,160,229,2025-03-28
Silver Anklet,Accessories,3,13,10,350,549,2025-03-28
Floral Kurti,Women's Wear,13,48,35,350,599,2025-03-29
Leggings Pack,Women's Wear,20,39,108,220,349,2025-03-29
Cotton Saree,Women's Wear,0,0,0,700,999,2025-03-29
Casual Shirt,Men's Wear,9,111,102,500,799,2025-03-29
Formal Trousers,Men's Wear,0,42,42,900,1049,2025-03-29
Graphic T-Shirt,Men's Wear,4,52,48,300,499,2025-03-29
Kids Frock,Kids Wear,0,0,0,280,449,2025-03-29
School Shorts,Kids Wear,0,0,0,180,299,2025-03-29
Kids Hoodie,Kids Wear,0,0,0,450,649,2025-03-29
Running Shoes,Footwear,0,0,0,1200,1599,2025-03-29
Casual Sandals,Footwear,0,0,0,500,699,2025-03-29
Leather Belt,Accessories,0,30,30,250,289,2025-03-29
Fashion Scarf,Accessories,2,20,18,180,299,2025-03-29
Baseball Cap,Accessories,0,0,0,160,229,2025-03-29
Silver Anklet,Accessories,0,10,10,350,549,2025-03-29
Floral Kurti,Women's Wear,10,35,122,350,599,2025-03-30
Leggings Pack,Women's Wear,10,108,98,220,349,2025-03-30
Cotton Saree,Women's Wear,0,0,0,700,999,2025-03-30
Casual Shirt,Men's Wear,6,102,96,500,799,2025-03-30
Formal Trousers,Men's Wear,0,42,42,900,1049,2025-03-30
Graphic T-Shirt,Men's Wear,5,48,43,300,499,2025-03-30
Kids Frock,Kids Wear,0,0,0,280,449,2025-03-30
School Shorts,Kids Wear,0,0,0,180,299,2025-03-30
Kids Hoodie,Kids Wear,0,0,0,450,649,2025-03-30
Running Shoes,Footwear,0,0,0,1200,1599,2025-03-30
Casual Sandals,Footwear,0,0,0,500,699,2025-03-30
Leather Belt,Accessories,0,30,30,250,289,2025-03-30
Fashion Scarf,Accessories,0,18,18,180,299,2025-03-30
Baseball Cap,Accessories,0,0,0,160,229,2025-03-30
Silver Anklet,Accessories,0,10,10,350,549,2025-03-30
Floral Kurti,Women's Wear,18,122,104,350,599,2025-03-31
Leggings Pack,Women's Wear,16,98,82,220,349,2025-03-31
Cotton Saree,Women's Wear,0,0,0,700,999,2025-03-31
Casual Shirt,Men's Wear,6,96,90,500,799,2025-03-31
Formal Trousers,Men's Wear,0,42,42,900,1049,2025-03-31
Graphic T-Shirt,Men's Wear,6,43,37,300,499,2025-03-31
Kids Frock,Kids Wear,0,0,0,280,449,2025-03-31
School Shorts,Kids Wear,0,0,0,180,299,2025-03-31
Kids Hoodie,Kids Wear,0,0,0,450,649,2025-03-31
Running Shoes,Footwear,0,0,0,1200,1599,2025-03-31
Casual Sandals,Footwear,0,0,0,500,699,2025-03-31
Leather Belt,Accessories,1,30,29,250,289,2025-03-31
Fashion Scarf,Accessories,0,18,18,180,299,2025-03-31
Baseball Cap,Accessories,0,0,0,160,229,2025-03-31
Silver Anklet,Accessories,0,10,10,350,549,2025-03-31
